product_code,user_id,zone_code,score_skinbiosense,session_id,mesure,,KPI
417432,WB_1_00001,1,1,1,0.14,,
417432,WB_1_00001,1,1,2,0.20,,
417432,WB_1_00001,1,1,3,0.41,,
417432,WB_1_00001,1,1,4,0.42,,200
417432,WB_1_00001,1,2,1,0.09,,
417432,WB_1_00001,1,2,2,0.34,,
417432,WB_1_00001,1,2,3,0.15,,
417432,WB_1_00001,1,2,4,0.15,,67
417432,WB_1_00001,1,3,1,0.006,,
417432,WB_1_00001,1,3,2,0.005,,
417432,WB_1_00001,1,3,3,0.007,,
417432,WB_1_00001,1,3,4,0.008,,27
417432,WB_1_00001,2,1,1,0.21,,
417432,WB_1_00001,2,1,2,0.21,,
417432,WB_1_00001,2,1,3,0.32,,
417432,WB_1_00001,2,1,4,0.42,,98
417432,WB_1_00001,2,2,1,0.09,,
417432,WB_1_00001,2,2,2,0.10,,
417432,WB_1_00001,2,2,3,0.07,,
417432,WB_1_00001,2,2,4,0.19,,118
417432,WB_1_00001,2,3,1,0.006,,
417432,WB_1_00001,2,3,2,0.005,,
417432,WB_1_00001,2,3,3,0.006,,
417432,WB_1_00001,2,3,4,0.005,,-9
417432,WB_1_00002,1,1,1,0.39,,
417432,WB_1_00002,1,1,2,0.39,,
417432,WB_1_00002,1,1,3,0.33,,
417432,WB_1_00002,1,1,4,0.21,,-46
417432,WB_1_00002,1,2,1,0.16,,
417432,WB_1_00002,1,2,2,0.30,,
417432,WB_1_00002,1,2,3,0.12,,
417432,WB_1_00002,1,2,4,0.18,,18
417432,WB_1_00002,1,3,1,0.005,,
417432,WB_1_00002,1,3,2,0.006,,
417432,WB_1_00002,1,3,3,0.005,,
417432,WB_1_00002,1,3,4,0.006,,13
417432,WB_1_00002,2,1,1,0.48,,
417432,WB_1_00002,2,1,2,0.68,,
417432,WB_1_00002,2,1,3,1.16,,
417432,WB_1_00002,2,1,4,1.76,,267
417432,WB_1_00002,2,2,1,0.24,,
417432,WB_1_00002,2,2,2,0.16,,
417432,WB_1_00002,2,2,3,0.43,,
417432,WB_1_00002,2,2,4,0.53,,120
417432,WB_1_00002,2,3,1,0.005,,
417432,WB_1_00002,2,3,2,0.005,,
417432,WB_1_00002,2,3,3,0.005,,
417432,WB_1_00002,2,3,4,0.004,,-23
417432,WB_1_00003,1,1,1,0.27,,
417432,WB_1_00003,1,1,2,0.10,,
417432,WB_1_00003,1,1,3,0.36,,
417432,WB_1_00003,1,1,4,0.16,,-41
417432,WB_1_00003,1,2,1,0.12,,
417432,WB_1_00003,1,2,2,0.08,,
417432,WB_1_00003,1,2,3,0.16,,
417432,WB_1_00003,1,2,4,0.07,,-39
417432,WB_1_00003,1,3,1,0.013,,
417432,WB_1_00003,1,3,2,0.014,,
417432,WB_1_00003,1,3,3,0.017,,
417432,WB_1_00003,1,3,4,0.018,,36
417432,WB_1_00003,2,1,1,0.38,,
417432,WB_1_00003,2,1,2,0.69,,
417432,WB_1_00003,2,1,3,0.99,,
417432,WB_1_00003,2,1,4,1.22,,219
417432,WB_1_00003,2,2,1,0.12,,
417432,WB_1_00003,2,2,2,0.20,,
417432,WB_1_00003,2,2,3,0.35,,
417432,WB_1_00003,2,2,4,0.37,,199
417432,WB_1_00003,2,3,1,0.014,,
417432,WB_1_00003,2,3,2,0.014,,
417432,WB_1_00003,2,3,3,0.006,,
417432,WB_1_00003,2,3,4,0.008,,-45
417432,WB_1_00004,1,1,1,0.32,,
417432,WB_1_00004,1,1,2,0.35,,
417432,WB_1_00004,1,1,3,0.18,,
417432,WB_1_00004,1,1,4,0.24,,-25
417432,WB_1_00004,1,2,1,0.10,,
417432,WB_1_00004,1,2,2,0.34,,
417432,WB_1_00004,1,2,3,0.12,,
417432,WB_1_00004,1,2,4,0.21,,123
417432,WB_1_00004,1,3,1,0.009,,
417432,WB_1_00004,1,3,2,0.011,,
417432,WB_1_00004,1,3,3,0.010,,
417432,WB_1_00004,1,3,4,0.010,,12
417432,WB_1_00004,2,1,1,0.35,,
417432,WB_1_00004,2,1,2,0.31,,
417432,WB_1_00004,2,1,3,0.62,,
417432,WB_1_00004,2,1,4,1.02,,193
417432,WB_1_00004,2,2,1,0.07,,
417432,WB_1_00004,2,2,2,0.13,,
417432,WB_1_00004,2,2,3,0.28,,
417432,WB_1_00004,2,2,4,0.33,,346
417432,WB_1_00004,2,3,1,0.009,,
417432,WB_1_00004,2,3,2,0.010,,
417432,WB_1_00004,2,3,3,0.009,,
417432,WB_1_00004,2,3,4,0.008,,-7
417432,WB_1_00005,1,1,1,0.39,,
417432,WB_1_00005,1,1,2,0.17,,
417432,WB_1_00005,1,1,3,0.42,,
417432,WB_1_00005,1,1,4,0.31,,-21
417432,WB_1_00005,1,2,1,0.30,,
417432,WB_1_00005,1,2,2,0.08,,
417432,WB_1_00005,1,2,3,0.16,,
417432,WB_1_00005,1,2,4,0.11,,-64
417432,WB_1_00005,1,3,1,0.020,,
417432,WB_1_00005,1,3,2,0.017,,
417432,WB_1_00005,1,3,3,0.016,,
417432,WB_1_00005,1,3,4,0.012,,-41
417432,WB_1_00005,2,1,1,0.39,,
417432,WB_1_00005,2,1,2,0.79,,
417432,WB_1_00005,2,1,3,1.48,,
417432,WB_1_00005,2,1,4,1.36,,246
417432,WB_1_00005,2,2,1,0.11,,
417432,WB_1_00005,2,2,2,0.30,,
417432,WB_1_00005,2,2,3,0.68,,
417432,WB_1_00005,2,2,4,0.50,,341
417432,WB_1_00005,2,3,1,0.013,,
417432,WB_1_00005,2,3,2,0.015,,
417432,WB_1_00005,2,3,3,0.015,,
417432,WB_1_00005,2,3,4,0.004,,-71
417432,WB_1_00006,1,1,1,0.22,,
417432,WB_1_00006,1,1,2,0.20,,
417432,WB_1_00006,1,1,3,0.10,,
417432,WB_1_00006,1,1,4,0.33,,50
417432,WB_1_00006,1,2,1,0.13,,
417432,WB_1_00006,1,2,2,0.10,,
417432,WB_1_00006,1,2,3,0.09,,
417432,WB_1_00006,1,2,4,0.13,,0
417432,WB_1_00006,1,3,1,0.008,,
417432,WB_1_00006,1,3,2,0.007,,
417432,WB_1_00006,1,3,3,0.008,,
417432,WB_1_00006,1,3,4,0.006,,-20
417432,WB_1_00006,2,1,1,0.35,,
417432,WB_1_00006,2,1,2,0.45,,
417432,WB_1_00006,2,1,3,0.79,,
417432,WB_1_00006,2,1,4,1.15,,230
417432,WB_1_00006,2,2,1,0.10,,
417432,WB_1_00006,2,2,2,0.14,,
417432,WB_1_00006,2,2,3,0.38,,
417432,WB_1_00006,2,2,4,0.58,,469
417432,WB_1_00006,2,3,1,0.007,,
417432,WB_1_00006,2,3,2,0.006,,
417432,WB_1_00006,2,3,3,0.008,,
417432,WB_1_00006,2,3,4,0.008,,20
417432,WB_1_00007,1,1,1,0.48,,
417432,WB_1_00007,1,1,2,0.35,,
417432,WB_1_00007,1,1,3,0.30,,
417432,WB_1_00007,1,1,4,0.42,,-13
417432,WB_1_00007,1,2,1,0.20,,
417432,WB_1_00007,1,2,2,0.11,,
417432,WB_1_00007,1,2,3,0.22,,
417432,WB_1_00007,1,2,4,0.30,,50
417432,WB_1_00007,1,3,1,0.014,,
417432,WB_1_00007,1,3,2,0.014,,
417432,WB_1_00007,1,3,3,0.013,,
417432,WB_1_00007,1,3,4,0.017,,18
417432,WB_1_00007,2,1,1,0.43,,
417432,WB_1_00007,2,1,2,0.54,,
417432,WB_1_00007,2,1,3,1.06,,
417432,WB_1_00007,2,1,4,1.39,,222
417432,WB_1_00007,2,2,1,0.12,,
417432,WB_1_00007,2,2,2,0.26,,
417432,WB_1_00007,2,2,3,0.49,,
417432,WB_1_00007,2,2,4,0.54,,349
417432,WB_1_00007,2,3,1,0.012,,
417432,WB_1_00007,2,3,2,0.014,,
417432,WB_1_00007,2,3,3,0.015,,
417432,WB_1_00007,2,3,4,0.016,,35
417432,WB_1_00008,1,1,1,0.19,,
417432,WB_1_00008,1,1,2,0.21,,
417432,WB_1_00008,1,1,3,0.21,,
417432,WB_1_00008,1,1,4,0.10,,-47
417432,WB_1_00008,1,2,1,0.11,,
417432,WB_1_00008,1,2,2,0.13,,
417432,WB_1_00008,1,2,3,0.13,,
417432,WB_1_00008,1,2,4,0.07,,-38
417432,WB_1_00008,1,3,1,0.014,,
417432,WB_1_00008,1,3,2,0.013,,
417432,WB_1_00008,1,3,3,0.016,,
417432,WB_1_00008,1,3,4,0.020,,41
417432,WB_1_00008,2,1,1,0.18,,
417432,WB_1_00008,2,1,2,0.27,,
417432,WB_1_00008,2,1,3,0.41,,
417432,WB_1_00008,2,1,4,0.62,,249
417432,WB_1_00008,2,2,1,0.05,,
417432,WB_1_00008,2,2,2,0.11,,
417432,WB_1_00008,2,2,3,0.19,,
417432,WB_1_00008,2,2,4,0.28,,435
417432,WB_1_00008,2,3,1,0.013,,
417432,WB_1_00008,2,3,2,0.014,,
417432,WB_1_00008,2,3,3,0.017,,
417432,WB_1_00008,2,3,4,0.014,,10
417432,WB_1_00009,1,1,1,0.40,,
417432,WB_1_00009,1,1,2,0.17,,
417432,WB_1_00009,1,1,3,0.15,,
417432,WB_1_00009,1,1,4,0.33,,-18
417432,WB_1_00009,1,2,1,0.28,,
417432,WB_1_00009,1,2,2,0.05,,
417432,WB_1_00009,1,2,3,0.13,,
417432,WB_1_00009,1,2,4,0.20,,-30
417432,WB_1_00009,1,3,1,0.018,,
417432,WB_1_00009,1,3,2,0.019,,
417432,WB_1_00009,1,3,3,0.025,,
417432,WB_1_00009,1,3,4,0.025,,40
417432,WB_1_00009,2,1,1,0.68,,
417432,WB_1_00009,2,1,2,0.70,,
417432,WB_1_00009,2,1,3,0.91,,
417432,WB_1_00009,2,1,4,1.37,,103
417432,WB_1_00009,2,2,1,0.28,,
417432,WB_1_00009,2,2,2,0.17,,
417432,WB_1_00009,2,2,3,0.19,,
417432,WB_1_00009,2,2,4,0.48,,73
417432,WB_1_00009,2,3,1,0.021,,
417432,WB_1_00009,2,3,2,0.017,,
417432,WB_1_00009,2,3,3,0.023,,
417432,WB_1_00009,2,3,4,0.019,,-11
417432,WB_1_00010,1,1,1,0.18,,
417432,WB_1_00010,1,1,2,0.25,,
417432,WB_1_00010,1,1,3,0.27,,
417432,WB_1_00010,1,1,4,0.32,,78
417432,WB_1_00010,1,2,1,0.14,,
417432,WB_1_00010,1,2,2,0.30,,
417432,WB_1_00010,1,2,3,0.20,,
417432,WB_1_00010,1,2,4,0.24,,80
417432,WB_1_00010,1,3,1,0.006,,
417432,WB_1_00010,1,3,2,0.008,,
417432,WB_1_00010,1,3,3,0.009,,
417432,WB_1_00010,1,3,4,0.010,,66
417432,WB_1_00010,2,1,1,0.21,,
417432,WB_1_00010,2,1,2,0.27,,
417432,WB_1_00010,2,1,3,0.45,,
417432,WB_1_00010,2,1,4,0.69,,225
417432,WB_1_00010,2,2,1,0.07,,
417432,WB_1_00010,2,2,2,0.09,,
417432,WB_1_00010,2,2,3,0.16,,
417432,WB_1_00010,2,2,4,0.21,,188
417432,WB_1_00010,2,3,1,0.007,,
417432,WB_1_00010,2,3,2,0.006,,
417432,WB_1_00010,2,3,3,0.006,,
417432,WB_1_00010,2,3,4,0.007,,7
417432,WB_1_00011,1,1,1,0.16,,
417432,WB_1_00011,1,1,2,0.21,,
417432,WB_1_00011,1,1,3,0.10,,
417432,WB_1_00011,1,1,4,0.13,,-19
417432,WB_1_00011,1,2,1,0.14,,
417432,WB_1_00011,1,2,2,0.11,,
417432,WB_1_00011,1,2,3,0.07,,
417432,WB_1_00011,1,2,4,0.08,,-46
417432,WB_1_00011,1,3,1,0.009,,
417432,WB_1_00011,1,3,2,0.008,,
417432,WB_1_00011,1,3,3,0.007,,
417432,WB_1_00011,1,3,4,0.006,,-32
417432,WB_1_00011,2,1,1,0.24,,
417432,WB_1_00011,2,1,2,0.28,,
417432,WB_1_00011,2,1,3,0.34,,
417432,WB_1_00011,2,1,4,0.67,,181
417432,WB_1_00011,2,2,1,0.08,,
417432,WB_1_00011,2,2,2,0.12,,
417432,WB_1_00011,2,2,3,0.17,,
417432,WB_1_00011,2,2,4,0.26,,232
417432,WB_1_00011,2,3,1,0.008,,
417432,WB_1_00011,2,3,2,0.006,,
417432,WB_1_00011,2,3,3,0.006,,
417432,WB_1_00011,2,3,4,0.006,,-17
417432,WB_1_00012,1,1,1,0.37,,
417432,WB_1_00012,1,1,2,0.38,,
417432,WB_1_00012,1,1,3,0.32,,
417432,WB_1_00012,1,1,4,0.29,,-22
417432,WB_1_00012,1,2,1,0.33,,
417432,WB_1_00012,1,2,2,0.16,,
417432,WB_1_00012,1,2,3,0.12,,
417432,WB_1_00012,1,2,4,0.21,,-35
417432,WB_1_00012,1,3,1,0.012,,
417432,WB_1_00012,1,3,2,0.009,,
417432,WB_1_00012,1,3,3,0.011,,
417432,WB_1_00012,1,3,4,0.014,,14
417432,WB_1_00012,2,1,1,0.73,,
417432,WB_1_00012,2,1,2,0.82,,
417432,WB_1_00012,2,1,3,0.83,,
417432,WB_1_00012,2,1,4,0.92,,26
417432,WB_1_00012,2,2,1,0.29,,
417432,WB_1_00012,2,2,2,0.38,,
417432,WB_1_00012,2,2,3,0.36,,
417432,WB_1_00012,2,2,4,0.43,,48
417432,WB_1_00012,2,3,1,0.010,,
417432,WB_1_00012,2,3,2,0.008,,
417432,WB_1_00012,2,3,3,0.008,,
417432,WB_1_00012,2,3,4,0.011,,8
417432,WB_1_00013,1,1,1,0.45,,
417432,WB_1_00013,1,1,2,0.43,,
417432,WB_1_00013,1,1,3,0.33,,
417432,WB_1_00013,1,1,4,0.50,,11
417432,WB_1_00013,1,2,1,0.14,,
417432,WB_1_00013,1,2,2,0.28,,
417432,WB_1_00013,1,2,3,0.21,,
417432,WB_1_00013,1,2,4,0.32,,119
417432,WB_1_00013,1,3,1,0.019,,
417432,WB_1_00013,1,3,2,0.025,,
417432,WB_1_00013,1,3,3,0.028,,
417432,WB_1_00013,1,3,4,0.021,,13
417432,WB_1_00013,2,1,1,0.88,,
417432,WB_1_00013,2,1,2,0.96,,
417432,WB_1_00013,2,1,3,1.75,,
417432,WB_1_00013,2,1,4,2.68,,204
417432,WB_1_00013,2,2,1,0.18,,
417432,WB_1_00013,2,2,2,0.39,,
417432,WB_1_00013,2,2,3,0.42,,
417432,WB_1_00013,2,2,4,0.56,,219
417432,WB_1_00013,2,3,1,0.021,,
417432,WB_1_00013,2,3,2,0.019,,
417432,WB_1_00013,2,3,3,0.017,,
417432,WB_1_00013,2,3,4,0.004,,-82
417432,WB_1_00014,1,1,1,0.28,,
417432,WB_1_00014,1,1,2,0.34,,
417432,WB_1_00014,1,1,3,0.24,,
417432,WB_1_00014,1,1,4,0.27,,-4
417432,WB_1_00014,1,2,1,0.15,,
417432,WB_1_00014,1,2,2,0.27,,
417432,WB_1_00014,1,2,3,0.18,,
417432,WB_1_00014,1,2,4,0.24,,59
417432,WB_1_00014,1,3,1,0.005,,
417432,WB_1_00014,1,3,2,0.006,,
417432,WB_1_00014,1,3,3,0.004,,
417432,WB_1_00014,1,3,4,0.005,,9
417432,WB_1_00014,2,1,1,0.55,,
417432,WB_1_00014,2,1,2,0.98,,
417432,WB_1_00014,2,1,3,1.95,,
417432,WB_1_00014,2,1,4,2.32,,324
417432,WB_1_00014,2,2,1,0.18,,
417432,WB_1_00014,2,2,2,0.44,,
417432,WB_1_00014,2,2,3,0.91,,
417432,WB_1_00014,2,2,4,1.16,,543
417432,WB_1_00014,2,3,1,0.005,,
417432,WB_1_00014,2,3,2,0.004,,
417432,WB_1_00014,2,3,3,0.005,,
417432,WB_1_00014,2,3,4,0.004,,-33
417432,WB_1_00015,1,1,1,0.15,,
417432,WB_1_00015,1,1,2,0.20,,
417432,WB_1_00015,1,1,3,0.43,,
417432,WB_1_00015,1,1,4,0.19,,27
417432,WB_1_00015,1,2,1,0.13,,
417432,WB_1_00015,1,2,2,0.15,,
417432,WB_1_00015,1,2,3,0.38,,
417432,WB_1_00015,1,2,4,0.09,,-29
417432,WB_1_00015,1,3,1,0.005,,
417432,WB_1_00015,1,3,2,0.006,,
417432,WB_1_00015,1,3,3,0.004,,
417432,WB_1_00015,1,3,4,0.004,,-26
417432,WB_1_00015,2,1,1,0.26,,
417432,WB_1_00015,2,1,2,0.36,,
417432,WB_1_00015,2,1,3,0.59,,
417432,WB_1_00015,2,1,4,0.72,,175
417432,WB_1_00015,2,2,1,0.11,,
417432,WB_1_00015,2,2,2,0.07,,
417432,WB_1_00015,2,2,3,0.12,,
417432,WB_1_00015,2,2,4,0.25,,128
417432,WB_1_00015,2,3,1,0.005,,
417432,WB_1_00015,2,3,2,0.004,,
417432,WB_1_00015,2,3,3,0.005,,
417432,WB_1_00015,2,3,4,0.005,,3
417432,WB_1_00016,1,1,1,0.22,,
417432,WB_1_00016,1,1,2,0.26,,
417432,WB_1_00016,1,1,3,0.48,,
417432,WB_1_00016,1,1,4,0.40,,82
417432,WB_1_00016,1,2,1,0.13,,
417432,WB_1_00016,1,2,2,0.17,,
417432,WB_1_00016,1,2,3,0.35,,
417432,WB_1_00016,1,2,4,0.31,,146
417432,WB_1_00016,1,3,1,0.006,,
417432,WB_1_00016,1,3,2,0.005,,
417432,WB_1_00016,1,3,3,0.005,,
417432,WB_1_00016,1,3,4,0.006,,8
417432,WB_1_00016,2,1,1,0.30,,
417432,WB_1_00016,2,1,2,0.28,,
417432,WB_1_00016,2,1,3,0.29,,
417432,WB_1_00016,2,1,4,0.36,,19
417432,WB_1_00016,2,2,1,0.23,,
417432,WB_1_00016,2,2,2,0.14,,
417432,WB_1_00016,2,2,3,0.23,,
417432,WB_1_00016,2,2,4,0.25,,10
417432,WB_1_00016,2,3,1,0.005,,
417432,WB_1_00016,2,3,2,0.006,,
417432,WB_1_00016,2,3,3,0.005,,
417432,WB_1_00016,2,3,4,0.004,,-18
417432,WB_1_00017,1,1,1,0.44,,
417432,WB_1_00017,1,1,2,0.21,,
417432,WB_1_00017,1,1,3,0.22,,
417432,WB_1_00017,1,1,4,0.44,,0
417432,WB_1_00017,1,2,1,0.28,,
417432,WB_1_00017,1,2,2,0.11,,
417432,WB_1_00017,1,2,3,0.14,,
417432,WB_1_00017,1,2,4,0.24,,-16
417432,WB_1_00017,1,3,1,0.002,,
417432,WB_1_00017,1,3,2,0.002,,
417432,WB_1_00017,1,3,3,0.003,,
417432,WB_1_00017,1,3,4,0.002,,9
417432,WB_1_00017,2,1,1,0.31,,
417432,WB_1_00017,2,1,2,0.29,,
417432,WB_1_00017,2,1,3,0.33,,
417432,WB_1_00017,2,1,4,0.36,,15
417432,WB_1_00017,2,2,1,0.23,,
417432,WB_1_00017,2,2,2,0.19,,
417432,WB_1_00017,2,2,3,0.24,,
417432,WB_1_00017,2,2,4,0.23,,-1
417432,WB_1_00017,2,3,1,0.002,,
417432,WB_1_00017,2,3,2,0.002,,
417432,WB_1_00017,2,3,3,0.002,,
417432,WB_1_00017,2,3,4,0.003,,7
417432,WB_1_00018,1,1,1,0.20,,
417432,WB_1_00018,1,1,2,0.22,,
417432,WB_1_00018,1,1,3,0.24,,
417432,WB_1_00018,1,1,4,0.45,,125
417432,WB_1_00018,1,2,1,0.13,,
417432,WB_1_00018,1,2,2,0.32,,
417432,WB_1_00018,1,2,3,0.13,,
417432,WB_1_00018,1,2,4,0.31,,139
417432,WB_1_00018,1,3,1,0.620,,
417432,WB_1_00018,1,3,2,0.610,,
417432,WB_1_00018,1,3,3,0.607,,
417432,WB_1_00018,1,3,4,0.780,,26
417432,WB_1_00018,2,1,1,0.33,,
417432,WB_1_00018,2,1,2,0.32,,
417432,WB_1_00018,2,1,3,0.32,,
417432,WB_1_00018,2,1,4,0.42,,26
417432,WB_1_00018,2,2,1,0.18,,
417432,WB_1_00018,2,2,2,0.19,,
417432,WB_1_00018,2,2,3,0.18,,
417432,WB_1_00018,2,2,4,0.33,,86
417432,WB_1_00018,2,3,1,0.013,,
417432,WB_1_00018,2,3,2,0.012,,
417432,WB_1_00018,2,3,3,0.015,,
417432,WB_1_00018,2,3,4,0.017,,24
417432,WB_1_00019,1,1,1,0.40,,
417432,WB_1_00019,1,1,2,0.42,,
417432,WB_1_00019,1,1,3,0.29,,
417432,WB_1_00019,1,1,4,0.17,,-58
417432,WB_1_00019,1,2,1,0.21,,
417432,WB_1_00019,1,2,2,0.32,,
417432,WB_1_00019,1,2,3,0.15,,
417432,WB_1_00019,1,2,4,0.09,,-59
417432,WB_1_00019,1,3,1,0.009,,
417432,WB_1_00019,1,3,2,0.008,,
417432,WB_1_00019,1,3,3,0.009,,
417432,WB_1_00019,1,3,4,0.007,,-21
417432,WB_1_00019,2,1,1,0.28,,
417432,WB_1_00019,2,1,2,0.34,,
417432,WB_1_00019,2,1,3,0.43,,
417432,WB_1_00019,2,1,4,0.48,,74
417432,WB_1_00019,2,2,1,0.21,,
417432,WB_1_00019,2,2,2,0.22,,
417432,WB_1_00019,2,2,3,0.31,,
417432,WB_1_00019,2,2,4,0.34,,60
417432,WB_1_00019,2,3,1,0.007,,
417432,WB_1_00019,2,3,2,0.008,,
417432,WB_1_00019,2,3,3,0.009,,
417432,WB_1_00019,2,3,4,0.007,,-4
417432,WB_1_00020,1,1,1,0.40,,
417432,WB_1_00020,1,1,2,0.49,,
417432,WB_1_00020,1,1,3,0.38,,
417432,WB_1_00020,1,1,4,0.15,,-63
417432,WB_1_00020,1,2,1,0.22,,
417432,WB_1_00020,1,2,2,0.30,,
417432,WB_1_00020,1,2,3,0.19,,
417432,WB_1_00020,1,2,4,0.08,,-63
417432,WB_1_00020,1,3,1,0.005,,
417432,WB_1_00020,1,3,2,0.005,,
417432,WB_1_00020,1,3,3,0.005,,
417432,WB_1_00020,1,3,4,0.006,,26
417432,WB_1_00020,2,1,1,0.42,,
417432,WB_1_00020,2,1,2,0.53,,
417432,WB_1_00020,2,1,3,0.69,,
417432,WB_1_00020,2,1,4,0.71,,67
417432,WB_1_00020,2,2,1,0.34,,
417432,WB_1_00020,2,2,2,0.35,,
417432,WB_1_00020,2,2,3,0.38,,
417432,WB_1_00020,2,2,4,0.50,,49
417432,WB_1_00020,2,3,1,0.005,,
417432,WB_1_00020,2,3,2,0.005,,
417432,WB_1_00020,2,3,3,0.005,,
417432,WB_1_00020,2,3,4,0.004,,-25
417432,WB_1_00021,1,1,1,0.26,,
417432,WB_1_00021,1,1,2,0.15,,
417432,WB_1_00021,1,1,3,0.43,,
417432,WB_1_00021,1,1,4,0.18,,-31
417432,WB_1_00021,1,2,1,0.18,,
417432,WB_1_00021,1,2,2,0.11,,
417432,WB_1_00021,1,2,3,0.22,,
417432,WB_1_00021,1,2,4,0.12,,-32
417432,WB_1_00021,1,3,1,0.008,,
417432,WB_1_00021,1,3,2,0.006,,
417432,WB_1_00021,1,3,3,0.005,,
417432,WB_1_00021,1,3,4,0.004,,-56
417432,WB_1_00021,2,1,1,0.23,,
417432,WB_1_00021,2,1,2,0.23,,
417432,WB_1_00021,2,1,3,0.22,,
417432,WB_1_00021,2,1,4,0.24,,6
417432,WB_1_00021,2,2,1,0.13,,
417432,WB_1_00021,2,2,2,0.12,,
417432,WB_1_00021,2,2,3,0.17,,
417432,WB_1_00021,2,2,4,0.17,,27
417432,WB_1_00021,2,3,1,0.005,,
417432,WB_1_00021,2,3,2,0.006,,
417432,WB_1_00021,2,3,3,0.006,,
417432,WB_1_00021,2,3,4,0.005,,-2
417432,WB_1_00022,1,1,1,0.25,,
417432,WB_1_00022,1,1,2,0.31,,
417432,WB_1_00022,1,1,3,0.34,,
417432,WB_1_00022,1,1,4,0.39,,56
417432,WB_1_00022,1,2,1,0.14,,
417432,WB_1_00022,1,2,2,0.24,,
417432,WB_1_00022,1,2,3,0.21,,
417432,WB_1_00022,1,2,4,0.24,,73
417432,WB_1_00022,1,3,1,0.018,,
417432,WB_1_00022,1,3,2,0.021,,
417432,WB_1_00022,1,3,3,0.023,,
417432,WB_1_00022,1,3,4,0.026,,45
417432,WB_1_00022,2,1,1,0.26,,
417432,WB_1_00022,2,1,2,0.26,,
417432,WB_1_00022,2,1,3,0.31,,
417432,WB_1_00022,2,1,4,0.39,,47
417432,WB_1_00022,2,2,1,0.18,,
417432,WB_1_00022,2,2,2,0.14,,
417432,WB_1_00022,2,2,3,0.25,,
417432,WB_1_00022,2,2,4,0.30,,66
417432,WB_1_00022,2,3,1,0.019,,
417432,WB_1_00022,2,3,2,0.024,,
417432,WB_1_00022,2,3,3,0.018,,
417432,WB_1_00022,2,3,4,0.016,,-17
417432,WB_1_00023,1,1,1,0.27,,
417432,WB_1_00023,1,1,2,0.11,,
417432,WB_1_00023,1,1,3,0.19,,
417432,WB_1_00023,1,1,4,0.29,,7
417432,WB_1_00023,1,2,1,0.15,,
417432,WB_1_00023,1,2,2,0.07,,
417432,WB_1_00023,1,2,3,0.15,,
417432,WB_1_00023,1,2,4,0.15,,-2
417432,WB_1_00023,1,3,1,0.001,,
417432,WB_1_00023,1,3,2,0.001,,
417432,WB_1_00023,1,3,3,0.001,,
417432,WB_1_00023,1,3,4,0.001,,44
417432,WB_1_00023,2,1,1,0.21,,
417432,WB_1_00023,2,1,2,0.24,,
417432,WB_1_00023,2,1,3,0.25,,
417432,WB_1_00023,2,1,4,0.23,,12
417432,WB_1_00023,2,2,1,0.13,,
417432,WB_1_00023,2,2,2,0.14,,
417432,WB_1_00023,2,2,3,0.14,,
417432,WB_1_00023,2,2,4,0.12,,-9
417432,WB_1_00023,2,3,1,0.001,,
417432,WB_1_00023,2,3,2,0.001,,
417432,WB_1_00023,2,3,3,0.001,,
417432,WB_1_00023,2,3,4,0.001,,1
417432,WB_1_00024,1,1,1,0.13,,
417432,WB_1_00024,1,1,2,0.21,,
417432,WB_1_00024,1,1,3,0.10,,
417432,WB_1_00024,1,1,4,0.47,,262
417432,WB_1_00024,1,2,1,0.07,,
417432,WB_1_00024,1,2,2,0.15,,
417432,WB_1_00024,1,2,3,0.06,,
417432,WB_1_00024,1,2,4,0.35,,421
417432,WB_1_00024,1,3,1,0.015,,
417432,WB_1_00024,1,3,2,0.013,,
417432,WB_1_00024,1,3,3,0.009,,
417432,WB_1_00024,1,3,4,0.016,,9
417432,WB_1_00024,2,1,1,0.24,,
417432,WB_1_00024,2,1,2,0.30,,
417432,WB_1_00024,2,1,3,0.39,,
417432,WB_1_00024,2,1,4,0.35,,47
417432,WB_1_00024,2,2,1,0.16,,
417432,WB_1_00024,2,2,2,0.16,,
417432,WB_1_00024,2,2,3,0.23,,
417432,WB_1_00024,2,2,4,0.27,,73
417432,WB_1_00024,2,3,1,0.013,,
417432,WB_1_00024,2,3,2,0.012,,
417432,WB_1_00024,2,3,3,0.011,,
417432,WB_1_00024,2,3,4,0.011,,-17
417432,WB_1_00025,1,1,1,0.26,,
417432,WB_1_00025,1,1,2,0.09,,
417432,WB_1_00025,1,1,3,0.47,,
417432,WB_1_00025,1,1,4,0.31,,19
417432,WB_1_00025,1,2,1,0.19,,
417432,WB_1_00025,1,2,2,0.06,,
417432,WB_1_00025,1,2,3,0.36,,
417432,WB_1_00025,1,2,4,0.17,,-13
417432,WB_1_00025,1,3,1,0.012,,
417432,WB_1_00025,1,3,2,0.011,,
417432,WB_1_00025,1,3,3,0.013,,
417432,WB_1_00025,1,3,4,0.014,,15
417432,WB_1_00025,2,1,1,0.29,,
417432,WB_1_00025,2,1,2,0.34,,
417432,WB_1_00025,2,1,3,0.44,,
417432,WB_1_00025,2,1,4,0.52,,79
417432,WB_1_00025,2,2,1,0.22,,
417432,WB_1_00025,2,2,2,0.19,,
417432,WB_1_00025,2,2,3,0.26,,
417432,WB_1_00025,2,2,4,0.30,,39
417432,WB_1_00025,2,3,1,0.013,,
417432,WB_1_00025,2,3,2,0.009,,
417432,WB_1_00025,2,3,3,0.010,,
417432,WB_1_00025,2,3,4,0.011,,-16
417432,WB_1_00026,1,1,1,0.19,,
417432,WB_1_00026,1,1,2,0.24,,
417432,WB_1_00026,1,1,3,0.13,,
417432,WB_1_00026,1,1,4,0.43,,126
417432,WB_1_00026,1,2,1,0.13,,
417432,WB_1_00026,1,2,2,0.28,,
417432,WB_1_00026,1,2,3,0.07,,
417432,WB_1_00026,1,2,4,0.31,,143
417432,WB_1_00026,1,3,1,0.005,,
417432,WB_1_00026,1,3,2,0.004,,
417432,WB_1_00026,1,3,3,0.005,,
417432,WB_1_00026,1,3,4,0.003,,-49
417432,WB_1_00026,2,1,1,0.23,,
417432,WB_1_00026,2,1,2,0.25,,
417432,WB_1_00026,2,1,3,0.28,,
417432,WB_1_00026,2,1,4,0.36,,56
417432,WB_1_00026,2,2,1,0.15,,
417432,WB_1_00026,2,2,2,0.19,,
417432,WB_1_00026,2,2,3,0.18,,
417432,WB_1_00026,2,2,4,0.25,,63
417432,WB_1_00026,2,3,1,0.004,,
417432,WB_1_00026,2,3,2,0.004,,
417432,WB_1_00026,2,3,3,0.003,,
417432,WB_1_00026,2,3,4,0.003,,-18
417432,WB_1_00027,1,1,1,0.16,,
417432,WB_1_00027,1,1,2,0.18,,
417432,WB_1_00027,1,1,3,0.27,,
417432,WB_1_00027,1,1,4,0.19,,19
417432,WB_1_00027,1,2,1,0.09,,
417432,WB_1_00027,1,2,2,0.19,,
417432,WB_1_00027,1,2,3,0.21,,
417432,WB_1_00027,1,2,4,0.11,,19
417432,WB_1_00027,1,3,1,0.003,,
417432,WB_1_00027,1,3,2,0.002,,
417432,WB_1_00027,1,3,3,0.002,,
417432,WB_1_00027,1,3,4,0.002,,-38
417432,WB_1_00027,2,1,1,0.24,,
417432,WB_1_00027,2,1,2,0.30,,
417432,WB_1_00027,2,1,3,0.34,,
417432,WB_1_00027,2,1,4,0.34,,46
417432,WB_1_00027,2,2,1,0.12,,
417432,WB_1_00027,2,2,2,0.19,,
417432,WB_1_00027,2,2,3,0.26,,
417432,WB_1_00027,2,2,4,0.18,,55
417432,WB_1_00027,2,3,1,0.002,,
417432,WB_1_00027,2,3,2,0.002,,
417432,WB_1_00027,2,3,3,0.002,,
417432,WB_1_00027,2,3,4,0.002,,-21
417432,WB_1_00028,1,1,1,0.44,,
417432,WB_1_00028,1,1,2,0.34,,
417432,WB_1_00028,1,1,3,0.29,,
417432,WB_1_00028,1,1,4,0.19,,-57
417432,WB_1_00028,1,2,1,0.23,,
417432,WB_1_00028,1,2,2,0.26,,
417432,WB_1_00028,1,2,3,0.16,,
417432,WB_1_00028,1,2,4,0.13,,-44
417432,WB_1_00028,1,3,1,0.011,,
417432,WB_1_00028,1,3,2,0.008,,
417432,WB_1_00028,1,3,3,0.008,,
417432,WB_1_00028,1,3,4,0.006,,-43
417432,WB_1_00028,2,1,1,0.34,,
417432,WB_1_00028,2,1,2,0.39,,
417432,WB_1_00028,2,1,3,0.41,,
417432,WB_1_00028,2,1,4,0.40,,19
417432,WB_1_00028,2,2,1,0.24,,
417432,WB_1_00028,2,2,2,0.31,,
417432,WB_1_00028,2,2,3,0.32,,
417432,WB_1_00028,2,2,4,0.22,,-9
417432,WB_1_00028,2,3,1,0.007,,
417432,WB_1_00028,2,3,2,0.008,,
417432,WB_1_00028,2,3,3,0.008,,
417432,WB_1_00028,2,3,4,0.006,,-14
417432,WB_1_00029,1,1,1,0.09,,
417432,WB_1_00029,1,1,2,0.16,,
417432,WB_1_00029,1,1,3,0.14,,
417432,WB_1_00029,1,1,4,0.17,,89
417432,WB_1_00029,1,2,1,0.06,,
417432,WB_1_00029,1,2,2,0.16,,
417432,WB_1_00029,1,2,3,0.10,,
417432,WB_1_00029,1,2,4,0.09,,46
417432,WB_1_00029,1,3,1,0.013,,
417432,WB_1_00029,1,3,2,0.014,,
417432,WB_1_00029,1,3,3,0.012,,
417432,WB_1_00029,1,3,4,0.011,,-12
417432,WB_1_00029,2,1,1,0.16,,
417432,WB_1_00029,2,1,2,0.15,,
417432,WB_1_00029,2,1,3,0.20,,
417432,WB_1_00029,2,1,4,0.18,,18
417432,WB_1_00029,2,2,1,0.11,,
417432,WB_1_00029,2,2,2,0.11,,
417432,WB_1_00029,2,2,3,0.15,,
417432,WB_1_00029,2,2,4,0.10,,-9
417432,WB_1_00029,2,3,1,0.013,,
417432,WB_1_00029,2,3,2,0.013,,
417432,WB_1_00029,2,3,3,0.011,,
417432,WB_1_00029,2,3,4,0.012,,-6
417432,WB_1_00030,1,1,1,0.19,,
417432,WB_1_00030,1,1,2,0.50,,
417432,WB_1_00030,1,1,3,0.17,,
417432,WB_1_00030,1,1,4,0.13,,-32
417432,WB_1_00030,1,2,1,0.10,,
417432,WB_1_00030,1,2,2,0.33,,
417432,WB_1_00030,1,2,3,0.09,,
417432,WB_1_00030,1,2,4,0.10,,0
417432,WB_1_00030,1,3,1,0.008,,
417432,WB_1_00030,1,3,2,0.010,,
417432,WB_1_00030,1,3,3,0.008,,
417432,WB_1_00030,1,3,4,0.006,,-23
417432,WB_1_00030,2,1,1,0.21,,
417432,WB_1_00030,2,1,2,0.24,,
417432,WB_1_00030,2,1,3,0.27,,
417432,WB_1_00030,2,1,4,0.27,,32
417432,WB_1_00030,2,2,1,0.11,,
417432,WB_1_00030,2,2,2,0.13,,
417432,WB_1_00030,2,2,3,0.19,,
417432,WB_1_00030,2,2,4,0.21,,89
417432,WB_1_00030,2,3,1,0.007,,
417432,WB_1_00030,2,3,2,0.009,,
417432,WB_1_00030,2,3,3,0.009,,
417432,WB_1_00030,2,3,4,0.007,,-9
417432,WB_1_00031,1,1,1,0.33,,
417432,WB_1_00031,1,1,2,0.18,,
417432,WB_1_00031,1,1,3,0.26,,
417432,WB_1_00031,1,1,4,0.09,,-73
417432,WB_1_00031,1,2,1,0.23,,
417432,WB_1_00031,1,2,2,0.13,,
417432,WB_1_00031,1,2,3,0.15,,
417432,WB_1_00031,1,2,4,0.06,,-74
417432,WB_1_00031,1,3,1,0.011,,
417432,WB_1_00031,1,3,2,0.013,,
417432,WB_1_00031,1,3,3,0.012,,
417432,WB_1_00031,1,3,4,0.012,,6
417432,WB_1_00031,2,1,1,0.21,,
417432,WB_1_00031,2,1,2,0.25,,
417432,WB_1_00031,2,1,3,0.28,,
417432,WB_1_00031,2,1,4,0.35,,69
417432,WB_1_00031,2,2,1,0.16,,
417432,WB_1_00031,2,2,2,0.19,,
417432,WB_1_00031,2,2,3,0.22,,
417432,WB_1_00031,2,2,4,0.20,,27
417432,WB_1_00031,2,3,1,0.012,,
417432,WB_1_00031,2,3,2,0.012,,
417432,WB_1_00031,2,3,3,0.011,,
417432,WB_1_00031,2,3,4,0.009,,-21
417432,WB_1_00032,1,1,1,0.12,,
417432,WB_1_00032,1,1,2,0.43,,
417432,WB_1_00032,1,1,3,0.24,,
417432,WB_1_00032,1,1,4,0.08,,-33
417432,WB_1_00032,1,2,1,0.06,,
417432,WB_1_00032,1,2,2,0.25,,
417432,WB_1_00032,1,2,3,0.13,,
417432,WB_1_00032,1,2,4,0.04,,-27
417432,WB_1_00032,1,3,1,0.720,,
417432,WB_1_00032,1,3,2,0.610,,
417432,WB_1_00032,1,3,3,0.607,,
417432,WB_1_00032,1,3,4,0.524,,-27
417432,WB_1_00032,2,1,1,0.20,,
417432,WB_1_00032,2,1,2,0.26,,
417432,WB_1_00032,2,1,3,0.25,,
417432,WB_1_00032,2,1,4,0.27,,35
417432,WB_1_00032,2,2,1,0.16,,
417432,WB_1_00032,2,2,2,0.13,,
417432,WB_1_00032,2,2,3,0.18,,
417432,WB_1_00032,2,2,4,0.18,,16
417432,WB_1_00032,2,3,1,0.018,,
417432,WB_1_00032,2,3,2,0.019,,
417432,WB_1_00032,2,3,3,0.021,,
417432,WB_1_00032,2,3,4,0.019,,2
417432,WB_1_00033,1,1,1,0.38,,
417432,WB_1_00033,1,1,2,0.50,,
417432,WB_1_00033,1,1,3,0.49,,
417432,WB_1_00033,1,1,4,0.38,,0
417432,WB_1_00033,1,2,1,0.29,,
417432,WB_1_00033,1,2,2,0.30,,
417432,WB_1_00033,1,2,3,0.30,,
417432,WB_1_00033,1,2,4,0.29,,0
417432,WB_1_00033,1,3,1,0.010,,
417432,WB_1_00033,1,3,2,0.007,,
417432,WB_1_00033,1,3,3,0.009,,
417432,WB_1_00033,1,3,4,0.046,,357
417432,WB_1_00033,2,1,1,0.48,,
417432,WB_1_00033,2,1,2,0.49,,
417432,WB_1_00033,2,1,3,0.55,,
417432,WB_1_00033,2,1,4,0.63,,33
417432,WB_1_00033,2,2,1,0.33,,
417432,WB_1_00033,2,2,2,0.33,,
417432,WB_1_00033,2,2,3,0.30,,
417432,WB_1_00033,2,2,4,0.37,,12
417432,WB_1_00033,2,3,1,0.008,,
417432,WB_1_00033,2,3,2,0.009,,
417432,WB_1_00033,2,3,3,0.007,,
417432,WB_1_00033,2,3,4,0.008,,-3
417432,WB_1_00034,1,1,1,0.44,,
417432,WB_1_00034,1,1,2,0.14,,
417432,WB_1_00034,1,1,3,0.22,,
417432,WB_1_00034,1,1,4,0.20,,-55
417432,WB_1_00034,1,2,1,0.35,,
417432,WB_1_00034,1,2,2,0.08,,
417432,WB_1_00034,1,2,3,0.17,,
417432,WB_1_00034,1,2,4,0.14,,-60
417432,WB_1_00034,1,3,1,0.017,,
417432,WB_1_00034,1,3,2,0.018,,
417432,WB_1_00034,1,3,3,0.020,,
417432,WB_1_00034,1,3,4,0.027,,59
417432,WB_1_00034,2,1,1,0.27,,
417432,WB_1_00034,2,1,2,0.28,,
417432,WB_1_00034,2,1,3,0.34,,
417432,WB_1_00034,2,1,4,0.37,,37
417432,WB_1_00034,2,2,1,0.17,,
417432,WB_1_00034,2,2,2,0.19,,
417432,WB_1_00034,2,2,3,0.20,,
417432,WB_1_00034,2,2,4,0.23,,37
417432,WB_1_00034,2,3,1,0.019,,
417432,WB_1_00034,2,3,2,0.018,,
417432,WB_1_00034,2,3,3,0.017,,
417432,WB_1_00034,2,3,4,0.013,,-34
417432,WB_1_00035,1,1,1,0.08,,
417432,WB_1_00035,1,1,2,0.46,,
417432,WB_1_00035,1,1,3,0.27,,
417432,WB_1_00035,1,1,4,0.31,,288
417432,WB_1_00035,1,2,1,0.06,,
417432,WB_1_00035,1,2,2,0.25,,
417432,WB_1_00035,1,2,3,0.22,,
417432,WB_1_00035,1,2,4,0.24,,298
417432,WB_1_00035,1,3,1,0.007,,
417432,WB_1_00035,1,3,2,0.006,,
417432,WB_1_00035,1,3,3,0.005,,
417432,WB_1_00035,1,3,4,0.005,,-25
417432,WB_1_00035,2,1,1,0.28,,
417432,WB_1_00035,2,1,2,0.29,,
417432,WB_1_00035,2,1,3,0.31,,
417432,WB_1_00035,2,1,4,0.32,,17
417432,WB_1_00035,2,2,1,0.19,,
417432,WB_1_00035,2,2,2,0.17,,
417432,WB_1_00035,2,2,3,0.20,,
417432,WB_1_00035,2,2,4,0.19,,0
417432,WB_1_00035,2,3,1,0.005,,
417432,WB_1_00035,2,3,2,0.005,,
417432,WB_1_00035,2,3,3,0.005,,
417432,WB_1_00035,2,3,4,0.004,,-13
417432,WB_1_00036,1,1,1,0.33,,
417432,WB_1_00036,1,1,2,0.36,,
417432,WB_1_00036,1,1,3,0.16,,
417432,WB_1_00036,1,1,4,0.37,,12
417432,WB_1_00036,1,2,1,0.25,,
417432,WB_1_00036,1,2,2,0.23,,
417432,WB_1_00036,1,2,3,0.12,,
417432,WB_1_00036,1,2,4,0.26,,3
417432,WB_1_00036,1,3,1,0.018,,
417432,WB_1_00036,1,3,2,0.018,,
417432,WB_1_00036,1,3,3,0.022,,
417432,WB_1_00036,1,3,4,0.046,,154
417432,WB_1_00036,2,1,1,0.31,,
417432,WB_1_00036,2,1,2,0.38,,
417432,WB_1_00036,2,1,3,0.44,,
417432,WB_1_00036,2,1,4,0.49,,55
417432,WB_1_00036,2,2,1,0.22,,
417432,WB_1_00036,2,2,2,0.20,,
417432,WB_1_00036,2,2,3,0.33,,
417432,WB_1_00036,2,2,4,0.38,,72
417432,WB_1_00036,2,3,1,0.019,,
417432,WB_1_00036,2,3,2,0.019,,
417432,WB_1_00036,2,3,3,0.019,,
417432,WB_1_00036,2,3,4,0.017,,-9
417432,WB_1_00037,1,1,1,0.45,,
417432,WB_1_00037,1,1,2,0.44,,
417432,WB_1_00037,1,1,3,0.28,,
417432,WB_1_00037,1,1,4,0.50,,11
417432,WB_1_00037,1,2,1,0.34,,
417432,WB_1_00037,1,2,2,0.22,,
417432,WB_1_00037,1,2,3,0.22,,
417432,WB_1_00037,1,2,4,0.32,,-7
417432,WB_1_00037,1,3,1,0.014,,
417432,WB_1_00037,1,3,2,0.018,,
417432,WB_1_00037,1,3,3,0.022,,
417432,WB_1_00037,1,3,4,0.021,,49
417432,WB_1_00037,2,1,1,0.35,,
417432,WB_1_00037,2,1,2,0.40,,
417432,WB_1_00037,2,1,3,0.43,,
417432,WB_1_00037,2,1,4,0.39,,10
417432,WB_1_00037,2,2,1,0.27,,
417432,WB_1_00037,2,2,2,0.29,,
417432,WB_1_00037,2,2,3,0.28,,
417432,WB_1_00037,2,2,4,0.24,,-12
417432,WB_1_00037,2,3,1,0.018,,
417432,WB_1_00037,2,3,2,0.016,,
417432,WB_1_00037,2,3,3,0.014,,
417432,WB_1_00037,2,3,4,0.010,,-42
417432,WB_1_00038,1,1,1,0.40,,
417432,WB_1_00038,1,1,2,0.18,,
417432,WB_1_00038,1,1,3,0.40,,
417432,WB_1_00038,1,1,4,0.16,,-60
417432,WB_1_00038,1,2,1,0.24,,
417432,WB_1_00038,1,2,2,0.11,,
417432,WB_1_00038,1,2,3,0.32,,
417432,WB_1_00038,1,2,4,0.09,,-62
417432,WB_1_00038,1,3,1,0.009,,
417432,WB_1_00038,1,3,2,0.011,,
417432,WB_1_00038,1,3,3,0.011,,
417432,WB_1_00038,1,3,4,0.010,,16
417432,WB_1_00038,2,1,1,0.30,,
417432,WB_1_00038,2,1,2,0.38,,
417432,WB_1_00038,2,1,3,0.45,,
417432,WB_1_00038,2,1,4,0.45,,50
417432,WB_1_00038,2,2,1,0.21,,
417432,WB_1_00038,2,2,2,0.19,,
417432,WB_1_00038,2,2,3,0.27,,
417432,WB_1_00038,2,2,4,0.29,,35
417432,WB_1_00038,2,3,1,0.010,,
417432,WB_1_00038,2,3,2,0.009,,
417432,WB_1_00038,2,3,3,0.008,,
417432,WB_1_00038,2,3,4,0.008,,-24
417432,WB_1_00039,1,1,1,0.34,,
417432,WB_1_00039,1,1,2,0.45,,
417432,WB_1_00039,1,1,3,0.18,,
417432,WB_1_00039,1,1,4,0.16,,-53
417432,WB_1_00039,1,2,1,0.26,,
417432,WB_1_00039,1,2,2,0.32,,
417432,WB_1_00039,1,2,3,0.12,,
417432,WB_1_00039,1,2,4,0.10,,-60
417432,WB_1_00039,1,3,1,0.002,,
417432,WB_1_00039,1,3,2,0.002,,
417432,WB_1_00039,1,3,3,0.003,,
417432,WB_1_00039,1,3,4,0.003,,48
417432,WB_1_00039,2,1,1,0.28,,
417432,WB_1_00039,2,1,2,0.27,,
417432,WB_1_00039,2,1,3,0.29,,
417432,WB_1_00039,2,1,4,0.37,,33
417432,WB_1_00039,2,2,1,0.15,,
417432,WB_1_00039,2,2,2,0.17,,
417432,WB_1_00039,2,2,3,0.16,,
417432,WB_1_00039,2,2,4,0.20,,31
417432,WB_1_00039,2,3,1,0.002,,
417432,WB_1_00039,2,3,2,0.002,,
417432,WB_1_00039,2,3,3,0.003,,
417432,WB_1_00039,2,3,4,0.002,,-20
417432,WB_1_00040,1,1,1,0.31,,
417432,WB_1_00040,1,1,2,0.40,,
417432,WB_1_00040,1,1,3,0.39,,
417432,WB_1_00040,1,1,4,0.29,,-6
417432,WB_1_00040,1,2,1,0.22,,
417432,WB_1_00040,1,2,2,0.21,,
417432,WB_1_00040,1,2,3,0.27,,
417432,WB_1_00040,1,2,4,0.16,,-28
417432,WB_1_00040,1,3,1,0.014,,
417432,WB_1_00040,1,3,2,0.018,,
417432,WB_1_00040,1,3,3,0.016,,
417432,WB_1_00040,1,3,4,0.015,,7
417432,WB_1_00040,2,1,1,0.29,,
417432,WB_1_00040,2,1,2,0.30,,
417432,WB_1_00040,2,1,3,0.28,,
417432,WB_1_00040,2,1,4,0.25,,-12
417432,WB_1_00040,2,2,1,0.18,,
417432,WB_1_00040,2,2,2,0.21,,
417432,WB_1_00040,2,2,3,0.18,,
417432,WB_1_00040,2,2,4,0.17,,-5
417432,WB_1_00040,2,3,1,0.016,,
417432,WB_1_00040,2,3,2,0.016,,
417432,WB_1_00040,2,3,3,0.012,,
417432,WB_1_00040,2,3,4,0.012,,-25
417432,WB_1_00041,1,1,1,0.36,,
417432,WB_1_00041,1,1,2,0.24,,
417432,WB_1_00041,1,1,3,0.34,,
417432,WB_1_00041,1,1,4,0.08,,-78
417432,WB_1_00041,1,2,1,0.20,,
417432,WB_1_00041,1,2,2,0.18,,
417432,WB_1_00041,1,2,3,0.20,,
417432,WB_1_00041,1,2,4,0.06,,-68
417432,WB_1_00041,1,3,1,0.006,,
417432,WB_1_00041,1,3,2,0.006,,
417432,WB_1_00041,1,3,3,0.008,,
417432,WB_1_00041,1,3,4,0.007,,20
417432,WB_1_00041,2,1,1,0.30,,
417432,WB_1_00041,2,1,2,0.36,,
417432,WB_1_00041,2,1,3,0.41,,
417432,WB_1_00041,2,1,4,0.38,,26
417432,WB_1_00041,2,2,1,0.19,,
417432,WB_1_00041,2,2,2,0.18,,
417432,WB_1_00041,2,2,3,0.24,,
417432,WB_1_00041,2,2,4,0.24,,26
417432,WB_1_00041,2,3,1,0.006,,
417432,WB_1_00041,2,3,2,0.006,,
417432,WB_1_00041,2,3,3,0.006,,
417432,WB_1_00041,2,3,4,0.006,,1
417432,WB_1_00042,1,1,1,0.50,,
417432,WB_1_00042,1,1,2,0.38,,
417432,WB_1_00042,1,1,3,0.36,,
417432,WB_1_00042,1,1,4,0.13,,-74
417432,WB_1_00042,1,2,1,0.32,,
417432,WB_1_00042,1,2,2,0.23,,
417432,WB_1_00042,1,2,3,0.18,,
417432,WB_1_00042,1,2,4,0.08,,-75
417432,WB_1_00042,1,3,1,0.012,,
417432,WB_1_00042,1,3,2,0.012,,
417432,WB_1_00042,1,3,3,0.013,,
417432,WB_1_00042,1,3,4,0.015,,21
417432,WB_1_00042,2,1,1,0.33,,
417432,WB_1_00042,2,1,2,0.37,,
417432,WB_1_00042,2,1,3,0.41,,
417432,WB_1_00042,2,1,4,0.37,,12
417432,WB_1_00042,2,2,1,0.20,,
417432,WB_1_00042,2,2,2,0.28,,
417432,WB_1_00042,2,2,3,0.29,,
417432,WB_1_00042,2,2,4,0.27,,33
417432,WB_1_00042,2,3,1,0.013,,
417432,WB_1_00042,2,3,2,0.011,,
417432,WB_1_00042,2,3,3,0.010,,
417432,WB_1_00042,2,3,4,0.010,,-24
417432,WB_1_00043,1,1,1,0.25,,
417432,WB_1_00043,1,1,2,0.23,,
417432,WB_1_00043,1,1,3,0.45,,
417432,WB_1_00043,1,1,4,0.35,,40
417432,WB_1_00043,1,2,1,0.13,,
417432,WB_1_00043,1,2,2,0.13,,
417432,WB_1_00043,1,2,3,0.23,,
417432,WB_1_00043,1,2,4,0.25,,98
417432,WB_1_00043,1,3,1,0.019,,
417432,WB_1_00043,1,3,2,0.013,,
417432,WB_1_00043,1,3,3,0.016,,
417432,WB_1_00043,1,3,4,0.012,,-36
417432,WB_1_00043,2,1,1,0.34,,
417432,WB_1_00043,2,1,2,0.40,,
417432,WB_1_00043,2,1,3,0.40,,
417432,WB_1_00043,2,1,4,0.44,,31
417432,WB_1_00043,2,2,1,0.26,,
417432,WB_1_00043,2,2,2,0.28,,
417432,WB_1_00043,2,2,3,0.31,,
417432,WB_1_00043,2,2,4,0.32,,26
417432,WB_1_00043,2,3,1,0.016,,
417432,WB_1_00043,2,3,2,0.015,,
417432,WB_1_00043,2,3,3,0.016,,
417432,WB_1_00043,2,3,4,0.005,,-67
417432,WB_1_00044,1,1,1,0.08,,
417432,WB_1_00044,1,1,2,0.41,,
417432,WB_1_00044,1,1,3,0.30,,
417432,WB_1_00044,1,1,4,0.48,,500
417432,WB_1_00044,1,2,1,0.04,,
417432,WB_1_00044,1,2,2,0.24,,
417432,WB_1_00044,1,2,3,0.17,,
417432,WB_1_00044,1,2,4,0.37,,800
417432,WB_1_00044,1,3,1,0.007,,
417432,WB_1_00044,1,3,2,0.007,,
417432,WB_1_00044,1,3,3,0.009,,
417432,WB_1_00044,1,3,4,0.010,,40
417432,WB_1_00044,2,1,1,0.30,,
417432,WB_1_00044,2,1,2,0.35,,
417432,WB_1_00044,2,1,3,0.38,,
417432,WB_1_00044,2,1,4,0.36,,22
417432,WB_1_00044,2,2,1,0.21,,
417432,WB_1_00044,2,2,2,0.24,,
417432,WB_1_00044,2,2,3,0.26,,
417432,WB_1_00044,2,2,4,0.24,,17
417432,WB_1_00044,2,3,1,0.007,,
417432,WB_1_00044,2,3,2,0.007,,
417432,WB_1_00044,2,3,3,0.006,,
417432,WB_1_00044,2,3,4,0.005,,-35
417432,WB_1_00045,1,1,1,0.11,,
417432,WB_1_00045,1,1,2,0.19,,
417432,WB_1_00045,1,1,3,0.49,,
417432,WB_1_00045,1,1,4,0.44,,300
417432,WB_1_00045,1,2,1,0.06,,
417432,WB_1_00045,1,2,2,0.13,,
417432,WB_1_00045,1,2,3,0.31,,
417432,WB_1_00045,1,2,4,0.34,,504
417432,WB_1_00045,1,3,1,0.016,,
417432,WB_1_00045,1,3,2,0.012,,
417432,WB_1_00045,1,3,3,0.016,,
417432,WB_1_00045,1,3,4,0.018,,14
417432,WB_1_00045,2,1,1,0.37,,
417432,WB_1_00045,2,1,2,0.48,,
417432,WB_1_00045,2,1,3,0.47,,
417432,WB_1_00045,2,1,4,0.47,,29
417432,WB_1_00045,2,2,1,0.28,,
417432,WB_1_00045,2,2,2,0.31,,
417432,WB_1_00045,2,2,3,0.35,,
417432,WB_1_00045,2,2,4,0.24,,-16
417432,WB_1_00045,2,3,1,0.014,,
417432,WB_1_00045,2,3,2,0.016,,
417432,WB_1_00045,2,3,3,0.014,,
417432,WB_1_00045,2,3,4,0.014,,5
417432,WB_1_00046,1,1,1,0.47,,
417432,WB_1_00046,1,1,2,0.18,,
417432,WB_1_00046,1,1,3,0.14,,
417432,WB_1_00046,1,1,4,0.48,,2
417432,WB_1_00046,1,2,1,0.31,,
417432,WB_1_00046,1,2,2,0.10,,
417432,WB_1_00046,1,2,3,0.10,,
417432,WB_1_00046,1,2,4,0.28,,-10
417432,WB_1_00046,1,3,1,0.016,,
417432,WB_1_00046,1,3,2,0.017,,
417432,WB_1_00046,1,3,3,0.012,,
417432,WB_1_00046,1,3,4,0.012,,-22
417432,WB_1_00046,2,1,1,0.35,,
417432,WB_1_00046,2,1,2,0.43,,
417432,WB_1_00046,2,1,3,0.41,,
417432,WB_1_00046,2,1,4,0.40,,14
417432,WB_1_00046,2,2,1,0.22,,
417432,WB_1_00046,2,2,2,0.31,,
417432,WB_1_00046,2,2,3,0.32,,
417432,WB_1_00046,2,2,4,0.24,,10
417432,WB_1_00046,2,3,1,0.013,,
417432,WB_1_00046,2,3,2,0.014,,
417432,WB_1_00046,2,3,3,0.013,,
417432,WB_1_00046,2,3,4,0.006,,-55
417432,WB_1_00047,1,1,1,0.20,,
417432,WB_1_00047,1,1,2,0.47,,
417432,WB_1_00047,1,1,3,0.44,,
417432,WB_1_00047,1,1,4,0.36,,80
417432,WB_1_00047,1,2,1,0.16,,
417432,WB_1_00047,1,2,2,0.32,,
417432,WB_1_00047,1,2,3,0.24,,
417432,WB_1_00047,1,2,4,0.27,,67
417432,WB_1_00047,1,3,1,0.020,,
417432,WB_1_00047,1,3,2,0.022,,
417432,WB_1_00047,1,3,3,0.023,,
417432,WB_1_00047,1,3,4,0.025,,25
417432,WB_1_00047,2,1,1,0.31,,
417432,WB_1_00047,2,1,2,0.33,,
417432,WB_1_00047,2,1,3,0.34,,
417432,WB_1_00047,2,1,4,0.32,,3
417432,WB_1_00047,2,2,1,0.16,,
417432,WB_1_00047,2,2,2,0.25,,
417432,WB_1_00047,2,2,3,0.22,,
417432,WB_1_00047,2,2,4,0.25,,55
417432,WB_1_00047,2,3,1,0.022,,
417432,WB_1_00047,2,3,2,0.018,,
417432,WB_1_00047,2,3,3,0.024,,
417432,WB_1_00047,2,3,4,0.016,,-26
417432,WB_1_00048,1,1,1,0.11,,
417432,WB_1_00048,1,1,2,0.37,,
417432,WB_1_00048,1,1,3,0.24,,
417432,WB_1_00048,1,1,4,0.38,,245
417432,WB_1_00048,1,2,1,0.06,,
417432,WB_1_00048,1,2,2,0.27,,
417432,WB_1_00048,1,2,3,0.13,,
417432,WB_1_00048,1,2,4,0.30,,368
417432,WB_1_00048,1,3,1,0.006,,
417432,WB_1_00048,1,3,2,0.005,,
417432,WB_1_00048,1,3,3,0.004,,
417432,WB_1_00048,1,3,4,0.005,,-17
417432,WB_1_00048,2,1,1,0.26,,
417432,WB_1_00048,2,1,2,0.31,,
417432,WB_1_00048,2,1,3,0.35,,
417432,WB_1_00048,2,1,4,0.43,,65
417432,WB_1_00048,2,2,1,0.14,,
417432,WB_1_00048,2,2,2,0.18,,
417432,WB_1_00048,2,2,3,0.23,,
417432,WB_1_00048,2,2,4,0.32,,120
417432,WB_1_00048,2,3,1,0.004,,
417432,WB_1_00048,2,3,2,0.004,,
417432,WB_1_00048,2,3,3,0.005,,
417432,WB_1_00048,2,3,4,0.005,,27
417432,WB_1_00049,1,1,1,0.48,,
417432,WB_1_00049,1,1,2,0.25,,
417432,WB_1_00049,1,1,3,0.44,,
417432,WB_1_00049,1,1,4,0.44,,-8
417432,WB_1_00049,1,2,1,0.35,,
417432,WB_1_00049,1,2,2,0.14,,
417432,WB_1_00049,1,2,3,0.35,,
417432,WB_1_00049,1,2,4,0.29,,-18
417432,WB_1_00049,1,3,1,0.003,,
417432,WB_1_00049,1,3,2,0.003,,
417432,WB_1_00049,1,3,3,0.004,,
417432,WB_1_00049,1,3,4,0.005,,54
417432,WB_1_00049,2,1,1,0.34,,
417432,WB_1_00049,2,1,2,0.39,,
417432,WB_1_00049,2,1,3,0.35,,
417432,WB_1_00049,2,1,4,0.42,,26
417432,WB_1_00049,2,2,1,0.24,,
417432,WB_1_00049,2,2,2,0.25,,
417432,WB_1_00049,2,2,3,0.26,,
417432,WB_1_00049,2,2,4,0.25,,5
417432,WB_1_00049,2,3,1,0.003,,
417432,WB_1_00049,2,3,2,0.004,,
417432,WB_1_00049,2,3,3,0.004,,
417432,WB_1_00049,2,3,4,0.004,,25
417432,WB_1_00050,1,1,1,0.15,,
417432,WB_1_00050,1,1,2,0.40,,
417432,WB_1_00050,1,1,3,0.37,,
417432,WB_1_00050,1,1,4,0.22,,47
417432,WB_1_00050,1,2,1,0.10,,
417432,WB_1_00050,1,2,2,0.27,,
417432,WB_1_00050,1,2,3,0.23,,
417432,WB_1_00050,1,2,4,0.18,,70
417432,WB_1_00050,1,3,1,0.020,,
417432,WB_1_00050,1,3,2,0.014,,
417432,WB_1_00050,1,3,3,0.012,,
417432,WB_1_00050,1,3,4,0.015,,-27
417432,WB_1_00050,2,1,1,0.30,,
417432,WB_1_00050,2,1,2,0.39,,
417432,WB_1_00050,2,1,3,0.42,,
417432,WB_1_00050,2,1,4,0.41,,35
417432,WB_1_00050,2,2,1,0.22,,
417432,WB_1_00050,2,2,2,0.31,,
417432,WB_1_00050,2,2,3,0.32,,
417432,WB_1_00050,2,2,4,0.25,,13
417432,WB_1_00050,2,3,1,0.013,,
417432,WB_1_00050,2,3,2,0.016,,
417432,WB_1_00050,2,3,3,0.012,,
417432,WB_1_00050,2,3,4,0.013,,0
100218,WB_1_00051,2,1,1,0.14,,
100218,WB_1_00051,2,1,2,0.40,,
100218,WB_1_00051,2,1,3,0.41,,
100218,WB_1_00051,2,1,4,0.42,,206
100218,WB_1_00051,2,2,1,0.04,,
100218,WB_1_00051,2,2,2,0.11,,
100218,WB_1_00051,2,2,3,0.15,,
100218,WB_1_00051,2,2,4,0.12,,242
100218,WB_1_00051,2,3,1,0.005,,
100218,WB_1_00051,2,3,2,0.006,,
100218,WB_1_00051,2,3,3,0.004,,
100218,WB_1_00051,2,3,4,0.005,,4
100218,WB_1_00051,1,1,1,0.33,,
100218,WB_1_00051,1,1,2,0.31,,
100218,WB_1_00051,1,1,3,0.31,,
100218,WB_1_00051,1,1,4,0.32,,-1
100218,WB_1_00051,1,2,1,0.10,,
100218,WB_1_00051,1,2,2,0.11,,
100218,WB_1_00051,1,2,3,0.11,,
100218,WB_1_00051,1,2,4,0.10,,-1
100218,WB_1_00051,1,3,1,0.005,,
100218,WB_1_00051,1,3,2,0.005,,
100218,WB_1_00051,1,3,3,0.005,,
100218,WB_1_00051,1,3,4,0.005,,15
100218,WB_1_00052,2,1,1,0.40,,
100218,WB_1_00052,2,1,2,0.38,,
100218,WB_1_00052,2,1,3,0.26,,
100218,WB_1_00052,2,1,4,0.20,,-51
100218,WB_1_00052,2,2,1,0.16,,
100218,WB_1_00052,2,2,2,0.18,,
100218,WB_1_00052,2,2,3,0.07,,
100218,WB_1_00052,2,2,4,0.09,,-40
100218,WB_1_00052,2,3,1,0.020,,
100218,WB_1_00052,2,3,2,0.017,,
100218,WB_1_00052,2,3,3,0.020,,
100218,WB_1_00052,2,3,4,0.014,,-31
100218,WB_1_00052,1,1,1,0.31,,
100218,WB_1_00052,1,1,2,0.30,,
100218,WB_1_00052,1,1,3,0.29,,
100218,WB_1_00052,1,1,4,0.28,,-11
100218,WB_1_00052,1,2,1,0.12,,
100218,WB_1_00052,1,2,2,0.11,,
100218,WB_1_00052,1,2,3,0.12,,
100218,WB_1_00052,1,2,4,0.13,,4
100218,WB_1_00052,1,3,1,0.014,,
100218,WB_1_00052,1,3,2,0.017,,
100218,WB_1_00052,1,3,3,0.016,,
100218,WB_1_00052,1,3,4,0.006,,-58
100218,WB_1_00053,2,1,1,0.31,,
100218,WB_1_00053,2,1,2,0.11,,
100218,WB_1_00053,2,1,3,0.40,,
100218,WB_1_00053,2,1,4,0.14,,-54
100218,WB_1_00053,2,2,1,0.11,,
100218,WB_1_00053,2,2,2,0.04,,
100218,WB_1_00053,2,2,3,0.16,,
100218,WB_1_00053,2,2,4,0.07,,-42
100218,WB_1_00053,2,3,1,0.002,,
100218,WB_1_00053,2,3,2,0.002,,
100218,WB_1_00053,2,3,3,0.002,,
100218,WB_1_00053,2,3,4,0.002,,-14
100218,WB_1_00053,1,1,1,0.23,,
100218,WB_1_00053,1,1,2,0.24,,
100218,WB_1_00053,1,1,3,0.25,,
100218,WB_1_00053,1,1,4,0.26,,12
100218,WB_1_00053,1,2,1,0.10,,
100218,WB_1_00053,1,2,2,0.09,,
100218,WB_1_00053,1,2,3,0.09,,
100218,WB_1_00053,1,2,4,0.10,,0
100218,WB_1_00053,1,3,1,0.002,,
100218,WB_1_00053,1,3,2,0.002,,
100218,WB_1_00053,1,3,3,0.002,,
100218,WB_1_00053,1,3,4,0.002,,-16
100218,WB_1_00054,2,1,1,0.32,,
100218,WB_1_00054,2,1,2,0.40,,
100218,WB_1_00054,2,1,3,0.17,,
100218,WB_1_00054,2,1,4,0.21,,-33
100218,WB_1_00054,2,2,1,0.08,,
100218,WB_1_00054,2,2,2,0.16,,
100218,WB_1_00054,2,2,3,0.07,,
100218,WB_1_00054,2,2,4,0.07,,-15
100218,WB_1_00054,2,3,1,0.014,,
100218,WB_1_00054,2,3,2,0.016,,
100218,WB_1_00054,2,3,3,0.020,,
100218,WB_1_00054,2,3,4,0.025,,78
100218,WB_1_00054,1,1,1,0.25,,
100218,WB_1_00054,1,1,2,0.24,,
100218,WB_1_00054,1,1,3,0.27,,
100218,WB_1_00054,1,1,4,0.24,,-5
100218,WB_1_00054,1,2,1,0.11,,
100218,WB_1_00054,1,2,2,0.10,,
100218,WB_1_00054,1,2,3,0.10,,
100218,WB_1_00054,1,2,4,0.10,,-6
100218,WB_1_00054,1,3,1,0.018,,
100218,WB_1_00054,1,3,2,0.017,,
100218,WB_1_00054,1,3,3,0.015,,
100218,WB_1_00054,1,3,4,0.006,,-67
100218,WB_1_00055,2,1,1,0.42,,
100218,WB_1_00055,2,1,2,0.16,,
100218,WB_1_00055,2,1,3,0.42,,
100218,WB_1_00055,2,1,4,0.34,,-20
100218,WB_1_00055,2,2,1,0.15,,
100218,WB_1_00055,2,2,2,0.04,,
100218,WB_1_00055,2,2,3,0.11,,
100218,WB_1_00055,2,2,4,0.13,,-13
100218,WB_1_00055,2,3,1,0.011,,
100218,WB_1_00055,2,3,2,0.011,,
100218,WB_1_00055,2,3,3,0.013,,
100218,WB_1_00055,2,3,4,0.011,,3
100218,WB_1_00055,1,1,1,0.27,,
100218,WB_1_00055,1,1,2,0.30,,
100218,WB_1_00055,1,1,3,0.32,,
100218,WB_1_00055,1,1,4,0.34,,25
100218,WB_1_00055,1,2,1,0.12,,
100218,WB_1_00055,1,2,2,0.10,,
100218,WB_1_00055,1,2,3,0.11,,
100218,WB_1_00055,1,2,4,0.12,,0
100218,WB_1_00055,1,3,1,0.012,,
100218,WB_1_00055,1,3,2,0.011,,
100218,WB_1_00055,1,3,3,0.012,,
100218,WB_1_00055,1,3,4,0.010,,-13
100218,WB_1_00056,2,1,1,0.22,,
100218,WB_1_00056,2,1,2,0.17,,
100218,WB_1_00056,2,1,3,0.11,,
100218,WB_1_00056,2,1,4,0.28,,26
100218,WB_1_00056,2,2,1,0.07,,
100218,WB_1_00056,2,2,2,0.05,,
100218,WB_1_00056,2,2,3,0.04,,
100218,WB_1_00056,2,2,4,0.09,,23
100218,WB_1_00056,2,3,1,0.015,,
100218,WB_1_00056,2,3,2,0.012,,
100218,WB_1_00056,2,3,3,0.012,,
100218,WB_1_00056,2,3,4,0.011,,-25
100218,WB_1_00056,1,1,1,0.18,,
100218,WB_1_00056,1,1,2,0.19,,
100218,WB_1_00056,1,1,3,0.17,,
100218,WB_1_00056,1,1,4,0.15,,-12
100218,WB_1_00056,1,2,1,0.06,,
100218,WB_1_00056,1,2,2,0.06,,
100218,WB_1_00056,1,2,3,0.06,,
100218,WB_1_00056,1,2,4,0.06,,1
100218,WB_1_00056,1,3,1,0.011,,
100218,WB_1_00056,1,3,2,0.014,,
100218,WB_1_00056,1,3,3,0.014,,
100218,WB_1_00056,1,3,4,0.005,,-59
100218,WB_1_00057,2,1,1,0.40,,
100218,WB_1_00057,2,1,2,0.28,,
100218,WB_1_00057,2,1,3,0.30,,
100218,WB_1_00057,2,1,4,0.42,,5
100218,WB_1_00057,2,2,1,0.20,,
100218,WB_1_00057,2,2,2,0.10,,
100218,WB_1_00057,2,2,3,0.15,,
100218,WB_1_00057,2,2,4,0.11,,-47
100218,WB_1_00057,2,3,1,0.004,,
100218,WB_1_00057,2,3,2,0.005,,
100218,WB_1_00057,2,3,3,0.004,,
100218,WB_1_00057,2,3,4,0.003,,-21
100218,WB_1_00057,1,1,1,0.30,,
100218,WB_1_00057,1,1,2,0.33,,
100218,WB_1_00057,1,1,3,0.34,,
100218,WB_1_00057,1,1,4,0.34,,13
100218,WB_1_00057,1,2,1,0.14,,
100218,WB_1_00057,1,2,2,0.14,,
100218,WB_1_00057,1,2,3,0.15,,
100218,WB_1_00057,1,2,4,0.15,,4
100218,WB_1_00057,1,3,1,0.004,,
100218,WB_1_00057,1,3,2,0.004,,
100218,WB_1_00057,1,3,3,0.004,,
100218,WB_1_00057,1,3,4,0.004,,-18
100218,WB_1_00058,2,1,1,0.21,,
100218,WB_1_00058,2,1,2,0.28,,
100218,WB_1_00058,2,1,3,0.24,,
100218,WB_1_00058,2,1,4,0.10,,-53
100218,WB_1_00058,2,2,1,0.10,,
100218,WB_1_00058,2,2,2,0.11,,
100218,WB_1_00058,2,2,3,0.11,,
100218,WB_1_00058,2,2,4,0.03,,-65
100218,WB_1_00058,2,3,1,0.004,,
100218,WB_1_00058,2,3,2,0.003,,
100218,WB_1_00058,2,3,3,0.003,,
100218,WB_1_00058,2,3,4,0.003,,-27
100218,WB_1_00058,1,1,1,0.17,,
100218,WB_1_00058,1,1,2,0.16,,
100218,WB_1_00058,1,1,3,0.16,,
100218,WB_1_00058,1,1,4,0.16,,-9
100218,WB_1_00058,1,2,1,0.08,,
100218,WB_1_00058,1,2,2,0.09,,
100218,WB_1_00058,1,2,3,0.10,,
100218,WB_1_00058,1,2,4,0.08,,1
100218,WB_1_00058,1,3,1,0.003,,
100218,WB_1_00058,1,3,2,0.003,,
100218,WB_1_00058,1,3,3,0.003,,
100218,WB_1_00058,1,3,4,0.003,,-17
100218,WB_1_00059,2,1,1,0.40,,
100218,WB_1_00059,2,1,2,0.15,,
100218,WB_1_00059,2,1,3,0.13,,
100218,WB_1_00059,2,1,4,0.31,,-22
100218,WB_1_00059,2,2,1,0.17,,
100218,WB_1_00059,2,2,2,0.08,,
100218,WB_1_00059,2,2,3,0.04,,
100218,WB_1_00059,2,2,4,0.12,,-29
100218,WB_1_00059,2,3,1,0.014,,
100218,WB_1_00059,2,3,2,0.018,,
100218,WB_1_00059,2,3,3,0.022,,
100218,WB_1_00059,2,3,4,0.019,,33
100218,WB_1_00059,1,1,1,0.20,,
100218,WB_1_00059,1,1,2,0.18,,
100218,WB_1_00059,1,1,3,0.17,,
100218,WB_1_00059,1,1,4,0.17,,-15
100218,WB_1_00059,1,2,1,0.10,,
100218,WB_1_00059,1,2,2,0.11,,
100218,WB_1_00059,1,2,3,0.10,,
100218,WB_1_00059,1,2,4,0.09,,-4
100218,WB_1_00059,1,3,1,0.014,,
100218,WB_1_00059,1,3,2,0.018,,
100218,WB_1_00059,1,3,3,0.018,,
100218,WB_1_00059,1,3,4,0.011,,-22
100218,WB_1_00060,2,1,1,0.19,,
100218,WB_1_00060,2,1,2,0.36,,
100218,WB_1_00060,2,1,3,0.30,,
100218,WB_1_00060,2,1,4,0.26,,36
100218,WB_1_00060,2,2,1,0.05,,
100218,WB_1_00060,2,2,2,0.13,,
100218,WB_1_00060,2,2,3,0.12,,
100218,WB_1_00060,2,2,4,0.09,,81
100218,WB_1_00060,2,3,1,0.001,,
100218,WB_1_00060,2,3,2,0.001,,
100218,WB_1_00060,2,3,3,0.001,,
100218,WB_1_00060,2,3,4,0.001,,3
100218,WB_1_00060,1,1,1,0.22,,
100218,WB_1_00060,1,1,2,0.22,,
100218,WB_1_00060,1,1,3,0.20,,
100218,WB_1_00060,1,1,4,0.20,,-8
100218,WB_1_00060,1,2,1,0.10,,
100218,WB_1_00060,1,2,2,0.10,,
100218,WB_1_00060,1,2,3,0.09,,
100218,WB_1_00060,1,2,4,0.10,,5
100218,WB_1_00060,1,3,1,0.001,,
100218,WB_1_00060,1,3,2,0.001,,
100218,WB_1_00060,1,3,3,0.001,,
100218,WB_1_00060,1,3,4,0.001,,10
100218,WB_1_00061,2,1,1,0.16,,
100218,WB_1_00061,2,1,2,0.31,,
100218,WB_1_00061,2,1,3,0.10,,
100218,WB_1_00061,2,1,4,0.14,,-12
100218,WB_1_00061,2,2,1,0.04,,
100218,WB_1_00061,2,2,2,0.15,,
100218,WB_1_00061,2,2,3,0.03,,
100218,WB_1_00061,2,2,4,0.04,,5
100218,WB_1_00061,2,3,1,0.002,,
100218,WB_1_00061,2,3,2,0.002,,
100218,WB_1_00061,2,3,3,0.002,,
100218,WB_1_00061,2,3,4,0.002,,-19
100218,WB_1_00061,1,1,1,0.17,,
100218,WB_1_00061,1,1,2,0.19,,
100218,WB_1_00061,1,1,3,0.17,,
100218,WB_1_00061,1,1,4,0.17,,-5
100218,WB_1_00061,1,2,1,0.06,,
100218,WB_1_00061,1,2,2,0.07,,
100218,WB_1_00061,1,2,3,0.07,,
100218,WB_1_00061,1,2,4,0.06,,2
100218,WB_1_00061,1,3,1,0.002,,
100218,WB_1_00061,1,3,2,0.002,,
100218,WB_1_00061,1,3,3,0.002,,
100218,WB_1_00061,1,3,4,0.002,,13
100218,WB_1_00062,2,1,1,0.44,,
100218,WB_1_00062,2,1,2,0.38,,
100218,WB_1_00062,2,1,3,0.29,,
100218,WB_1_00062,2,1,4,0.32,,-27
100218,WB_1_00062,2,2,1,0.11,,
100218,WB_1_00062,2,2,2,0.11,,
100218,WB_1_00062,2,2,3,0.14,,
100218,WB_1_00062,2,2,4,0.12,,4
100218,WB_1_00062,2,3,1,0.680,,
100218,WB_1_00062,2,3,2,0.610,,
100218,WB_1_00062,2,3,3,0.607,,
100218,WB_1_00062,2,3,4,0.524,,-23
100218,WB_1_00062,1,1,1,0.31,,
100218,WB_1_00062,1,1,2,0.34,,
100218,WB_1_00062,1,1,3,0.36,,
100218,WB_1_00062,1,1,4,0.36,,15
100218,WB_1_00062,1,2,1,0.11,,
100218,WB_1_00062,1,2,2,0.11,,
100218,WB_1_00062,1,2,3,0.12,,
100218,WB_1_00062,1,2,4,0.12,,7
100218,WB_1_00062,1,3,1,0.011,,
100218,WB_1_00062,1,3,2,0.010,,
100218,WB_1_00062,1,3,3,0.010,,
100218,WB_1_00062,1,3,4,0.011,,-3
100218,WB_1_00063,2,1,1,0.50,,
100218,WB_1_00063,2,1,2,0.44,,
100218,WB_1_00063,2,1,3,0.38,,
100218,WB_1_00063,2,1,4,0.58,,17
100218,WB_1_00063,2,2,1,0.24,,
100218,WB_1_00063,2,2,2,0.14,,
100218,WB_1_00063,2,2,3,0.11,,
100218,WB_1_00063,2,2,4,0.28,,15
100218,WB_1_00063,2,3,1,0.003,,
100218,WB_1_00063,2,3,2,0.002,,
100218,WB_1_00063,2,3,3,0.002,,
100218,WB_1_00063,2,3,4,0.002,,-32
100218,WB_1_00063,1,1,1,0.42,,
100218,WB_1_00063,1,1,2,0.43,,
100218,WB_1_00063,1,1,3,0.44,,
100218,WB_1_00063,1,1,4,0.43,,3
100218,WB_1_00063,1,2,1,0.19,,
100218,WB_1_00063,1,2,2,0.18,,
100218,WB_1_00063,1,2,3,0.19,,
100218,WB_1_00063,1,2,4,0.18,,-6
100218,WB_1_00063,1,3,1,0.002,,
100218,WB_1_00063,1,3,2,0.002,,
100218,WB_1_00063,1,3,3,0.003,,
100218,WB_1_00063,1,3,4,0.002,,10
100218,WB_1_00064,2,1,1,0.32,,
100218,WB_1_00064,2,1,2,0.53,,
100218,WB_1_00064,2,1,3,0.21,,
100218,WB_1_00064,2,1,4,0.30,,-4
100218,WB_1_00064,2,2,1,0.09,,
100218,WB_1_00064,2,2,2,0.24,,
100218,WB_1_00064,2,2,3,0.10,,
100218,WB_1_00064,2,2,4,0.15,,64
100218,WB_1_00064,2,3,1,0.011,,
100218,WB_1_00064,2,3,2,0.010,,
100218,WB_1_00064,2,3,3,0.012,,
100218,WB_1_00064,2,3,4,0.008,,-24
100218,WB_1_00064,1,1,1,0.30,,
100218,WB_1_00064,1,1,2,0.32,,
100218,WB_1_00064,1,1,3,0.29,,
100218,WB_1_00064,1,1,4,0.27,,-11
100218,WB_1_00064,1,2,1,0.14,,
100218,WB_1_00064,1,2,2,0.15,,
100218,WB_1_00064,1,2,3,0.15,,
100218,WB_1_00064,1,2,4,0.16,,13
100218,WB_1_00064,1,3,1,0.008,,
100218,WB_1_00064,1,3,2,0.011,,
100218,WB_1_00064,1,3,3,0.011,,
100218,WB_1_00064,1,3,4,0.005,,-45
100218,WB_1_00065,2,1,1,0.12,,
100218,WB_1_00065,2,1,2,0.34,,
100218,WB_1_00065,2,1,3,0.46,,
100218,WB_1_00065,2,1,4,0.20,,66
100218,WB_1_00065,2,2,1,0.04,,
100218,WB_1_00065,2,2,2,0.09,,
100218,WB_1_00065,2,2,3,0.18,,
100218,WB_1_00065,2,2,4,0.08,,91
100218,WB_1_00065,2,3,1,0.001,,
100218,WB_1_00065,2,3,2,0.001,,
100218,WB_1_00065,2,3,3,0.001,,
100218,WB_1_00065,2,3,4,0.001,,-32
100218,WB_1_00065,1,1,1,0.27,,
100218,WB_1_00065,1,1,2,0.27,,
100218,WB_1_00065,1,1,3,0.29,,
100218,WB_1_00065,1,1,4,0.27,,2
100218,WB_1_00065,1,2,1,0.09,,
100218,WB_1_00065,1,2,2,0.11,,
100218,WB_1_00065,1,2,3,0.10,,
100218,WB_1_00065,1,2,4,0.11,,14
100218,WB_1_00065,1,3,1,0.001,,
100218,WB_1_00065,1,3,2,0.001,,
100218,WB_1_00065,1,3,3,0.001,,
100218,WB_1_00065,1,3,4,0.001,,9
100218,WB_1_00066,2,1,1,0.23,,
100218,WB_1_00066,2,1,2,0.27,,
100218,WB_1_00066,2,1,3,0.44,,
100218,WB_1_00066,2,1,4,0.43,,87
100218,WB_1_00066,2,2,1,0.08,,
100218,WB_1_00066,2,2,2,0.14,,
100218,WB_1_00066,2,2,3,0.21,,
100218,WB_1_00066,2,2,4,0.18,,119
100218,WB_1_00066,2,3,1,0.005,,
100218,WB_1_00066,2,3,2,0.005,,
100218,WB_1_00066,2,3,3,0.006,,
100218,WB_1_00066,2,3,4,0.006,,14
100218,WB_1_00066,1,1,1,0.33,,
100218,WB_1_00066,1,1,2,0.32,,
100218,WB_1_00066,1,1,3,0.31,,
100218,WB_1_00066,1,1,4,0.31,,-5
100218,WB_1_00066,1,2,1,0.14,,
100218,WB_1_00066,1,2,2,0.17,,
100218,WB_1_00066,1,2,3,0.16,,
100218,WB_1_00066,1,2,4,0.15,,3
100218,WB_1_00066,1,3,1,0.005,,
100218,WB_1_00066,1,3,2,0.006,,
100218,WB_1_00066,1,3,3,0.005,,
100218,WB_1_00066,1,3,4,0.005,,0
100218,WB_1_00067,2,1,1,0.42,,
100218,WB_1_00067,2,1,2,0.24,,
100218,WB_1_00067,2,1,3,0.20,,
100218,WB_1_00067,2,1,4,0.40,,-4
100218,WB_1_00067,2,2,1,0.11,,
100218,WB_1_00067,2,2,2,0.12,,
100218,WB_1_00067,2,2,3,0.08,,
100218,WB_1_00067,2,2,4,0.19,,73
100218,WB_1_00067,2,3,1,0.005,,
100218,WB_1_00067,2,3,2,0.006,,
100218,WB_1_00067,2,3,3,0.007,,
100218,WB_1_00067,2,3,4,0.006,,18
100218,WB_1_00067,1,1,1,0.29,,
100218,WB_1_00067,1,1,2,0.29,,
100218,WB_1_00067,1,1,3,0.32,,
100218,WB_1_00067,1,1,4,0.34,,16
100218,WB_1_00067,1,2,1,0.12,,
100218,WB_1_00067,1,2,2,0.13,,
100218,WB_1_00067,1,2,3,0.14,,
100218,WB_1_00067,1,2,4,0.14,,14
100218,WB_1_00067,1,3,1,0.007,,
100218,WB_1_00067,1,3,2,0.006,,
100218,WB_1_00067,1,3,3,0.006,,
100218,WB_1_00067,1,3,4,0.006,,-7
100218,WB_1_00068,2,1,1,0.16,,
100218,WB_1_00068,2,1,2,0.43,,
100218,WB_1_00068,2,1,3,0.21,,
100218,WB_1_00068,2,1,4,0.46,,180
100218,WB_1_00068,2,2,1,0.06,,
100218,WB_1_00068,2,2,2,0.13,,
100218,WB_1_00068,2,2,3,0.07,,
100218,WB_1_00068,2,2,4,0.23,,278
100218,WB_1_00068,2,3,1,0.020,,
100218,WB_1_00068,2,3,2,0.024,,
100218,WB_1_00068,2,3,3,0.024,,
100218,WB_1_00068,2,3,4,0.027,,35
100218,WB_1_00068,1,1,1,0.26,,
100218,WB_1_00068,1,1,2,0.25,,
100218,WB_1_00068,1,1,3,0.24,,
100218,WB_1_00068,1,1,4,0.22,,-14
100218,WB_1_00068,1,2,1,0.12,,
100218,WB_1_00068,1,2,2,0.12,,
100218,WB_1_00068,1,2,3,0.11,,
100218,WB_1_00068,1,2,4,0.11,,-10
100218,WB_1_00068,1,3,1,0.024,,
100218,WB_1_00068,1,3,2,0.024,,
100218,WB_1_00068,1,3,3,0.022,,
100218,WB_1_00068,1,3,4,0.026,,8
100218,WB_1_00069,2,1,1,0.40,,
100218,WB_1_00069,2,1,2,0.40,,
100218,WB_1_00069,2,1,3,0.30,,
100218,WB_1_00069,2,1,4,0.18,,-56
100218,WB_1_00069,2,2,1,0.11,,
100218,WB_1_00069,2,2,2,0.17,,
100218,WB_1_00069,2,2,3,0.11,,
100218,WB_1_00069,2,2,4,0.08,,-29
100218,WB_1_00069,2,3,1,0.007,,
100218,WB_1_00069,2,3,2,0.007,,
100218,WB_1_00069,2,3,3,0.008,,
100218,WB_1_00069,2,3,4,0.008,,12
100218,WB_1_00069,1,1,1,0.29,,
100218,WB_1_00069,1,1,2,0.26,,
100218,WB_1_00069,1,1,3,0.24,,
100218,WB_1_00069,1,1,4,0.23,,-20
100218,WB_1_00069,1,2,1,0.13,,
100218,WB_1_00069,1,2,2,0.12,,
100218,WB_1_00069,1,2,3,0.12,,
100218,WB_1_00069,1,2,4,0.13,,-2
100218,WB_1_00069,1,3,1,0.006,,
100218,WB_1_00069,1,3,2,0.008,,
100218,WB_1_00069,1,3,3,0.008,,
100218,WB_1_00069,1,3,4,0.006,,-6
100218,WB_1_00070,2,1,1,0.48,,
100218,WB_1_00070,2,1,2,0.40,,
100218,WB_1_00070,2,1,3,0.32,,
100218,WB_1_00070,2,1,4,0.16,,-67
100218,WB_1_00070,2,2,1,0.23,,
100218,WB_1_00070,2,2,2,0.18,,
100218,WB_1_00070,2,2,3,0.12,,
100218,WB_1_00070,2,2,4,0.06,,-75
100218,WB_1_00070,2,3,1,0.005,,
100218,WB_1_00070,2,3,2,0.006,,
100218,WB_1_00070,2,3,3,0.005,,
100218,WB_1_00070,2,3,4,0.005,,-4
100218,WB_1_00070,1,1,1,0.32,,
100218,WB_1_00070,1,1,2,0.29,,
100218,WB_1_00070,1,1,3,0.30,,
100218,WB_1_00070,1,1,4,0.31,,-2
100218,WB_1_00070,1,2,1,0.16,,
100218,WB_1_00070,1,2,2,0.16,,
100218,WB_1_00070,1,2,3,0.15,,
100218,WB_1_00070,1,2,4,0.15,,-5
100218,WB_1_00070,1,3,1,0.005,,
100218,WB_1_00070,1,3,2,0.005,,
100218,WB_1_00070,1,3,3,0.005,,
100218,WB_1_00070,1,3,4,0.004,,-13
100218,WB_1_00071,2,1,1,0.22,,
100218,WB_1_00071,2,1,2,0.16,,
100218,WB_1_00071,2,1,3,0.43,,
100218,WB_1_00071,2,1,4,0.16,,-27
100218,WB_1_00071,2,2,1,0.07,,
100218,WB_1_00071,2,2,2,0.07,,
100218,WB_1_00071,2,2,3,0.18,,
100218,WB_1_00071,2,2,4,0.06,,-11
100218,WB_1_00071,2,3,1,0.007,,
100218,WB_1_00071,2,3,2,0.006,,
100218,WB_1_00071,2,3,3,0.005,,
100218,WB_1_00071,2,3,4,0.005,,-27
100218,WB_1_00071,1,1,1,0.23,,
100218,WB_1_00071,1,1,2,0.21,,
100218,WB_1_00071,1,1,3,0.22,,
100218,WB_1_00071,1,1,4,0.21,,-12
100218,WB_1_00071,1,2,1,0.09,,
100218,WB_1_00071,1,2,2,0.09,,
100218,WB_1_00071,1,2,3,0.09,,
100218,WB_1_00071,1,2,4,0.09,,-6
100218,WB_1_00071,1,3,1,0.005,,
100218,WB_1_00071,1,3,2,0.006,,
100218,WB_1_00071,1,3,3,0.006,,
100218,WB_1_00071,1,3,4,0.005,,2
100218,WB_1_00072,2,1,1,0.30,,
100218,WB_1_00072,2,1,2,0.37,,
100218,WB_1_00072,2,1,3,0.40,,
100218,WB_1_00072,2,1,4,0.32,,8
100218,WB_1_00072,2,2,1,0.08,,
100218,WB_1_00072,2,2,2,0.13,,
100218,WB_1_00072,2,2,3,0.11,,
100218,WB_1_00072,2,2,4,0.13,,65
100218,WB_1_00072,2,3,1,0.006,,
100218,WB_1_00072,2,3,2,0.007,,
100218,WB_1_00072,2,3,3,0.010,,
100218,WB_1_00072,2,3,4,0.009,,53
100218,WB_1_00072,1,1,1,0.31,,
100218,WB_1_00072,1,1,2,0.32,,
100218,WB_1_00072,1,1,3,0.29,,
100218,WB_1_00072,1,1,4,0.30,,-2
100218,WB_1_00072,1,2,1,0.11,,
100218,WB_1_00072,1,2,2,0.11,,
100218,WB_1_00072,1,2,3,0.12,,
100218,WB_1_00072,1,2,4,0.11,,-3
100218,WB_1_00072,1,3,1,0.007,,
100218,WB_1_00072,1,3,2,0.008,,
100218,WB_1_00072,1,3,3,0.007,,
100218,WB_1_00072,1,3,4,0.007,,0
100218,WB_1_00073,2,1,1,0.29,,
100218,WB_1_00073,2,1,2,0.11,,
100218,WB_1_00073,2,1,3,0.23,,
100218,WB_1_00073,2,1,4,0.29,,-1
100218,WB_1_00073,2,2,1,0.11,,
100218,WB_1_00073,2,2,2,0.04,,
100218,WB_1_00073,2,2,3,0.07,,
100218,WB_1_00073,2,2,4,0.10,,-6
100218,WB_1_00073,2,3,1,0.008,,
100218,WB_1_00073,2,3,2,0.007,,
100218,WB_1_00073,2,3,3,0.005,,
100218,WB_1_00073,2,3,4,0.004,,-55
100218,WB_1_00073,1,1,1,0.20,,
100218,WB_1_00073,1,1,2,0.18,,
100218,WB_1_00073,1,1,3,0.18,,
100218,WB_1_00073,1,1,4,0.17,,-14
100218,WB_1_00073,1,2,1,0.08,,
100218,WB_1_00073,1,2,2,0.08,,
100218,WB_1_00073,1,2,3,0.08,,
100218,WB_1_00073,1,2,4,0.09,,20
100218,WB_1_00073,1,3,1,0.006,,
100218,WB_1_00073,1,3,2,0.006,,
100218,WB_1_00073,1,3,3,0.005,,
100218,WB_1_00073,1,3,4,0.007,,12
100218,WB_1_00074,2,1,1,0.13,,
100218,WB_1_00074,2,1,2,0.23,,
100218,WB_1_00074,2,1,3,0.10,,
100218,WB_1_00074,2,1,4,0.43,,233
100218,WB_1_00074,2,2,1,0.06,,
100218,WB_1_00074,2,2,2,0.11,,
100218,WB_1_00074,2,2,3,0.05,,
100218,WB_1_00074,2,2,4,0.21,,279
100218,WB_1_00074,2,3,1,0.008,,
100218,WB_1_00074,2,3,2,0.007,,
100218,WB_1_00074,2,3,3,0.006,,
100218,WB_1_00074,2,3,4,0.006,,-22
100218,WB_1_00074,1,1,1,0.20,,
100218,WB_1_00074,1,1,2,0.22,,
100218,WB_1_00074,1,1,3,0.22,,
100218,WB_1_00074,1,1,4,0.23,,11
100218,WB_1_00074,1,2,1,0.12,,
100218,WB_1_00074,1,2,2,0.10,,
100218,WB_1_00074,1,2,3,0.10,,
100218,WB_1_00074,1,2,4,0.11,,-8
100218,WB_1_00074,1,3,1,0.006,,
100218,WB_1_00074,1,3,2,0.007,,
100218,WB_1_00074,1,3,3,0.007,,
100218,WB_1_00074,1,3,4,0.007,,17
100218,WB_1_00075,2,1,1,0.25,,
100218,WB_1_00075,2,1,2,0.08,,
100218,WB_1_00075,2,1,3,0.45,,
100218,WB_1_00075,2,1,4,0.27,,5
100218,WB_1_00075,2,2,1,0.10,,
100218,WB_1_00075,2,2,2,0.02,,
100218,WB_1_00075,2,2,3,0.20,,
100218,WB_1_00075,2,2,4,0.10,,7
100218,WB_1_00075,2,3,1,0.010,,
100218,WB_1_00075,2,3,2,0.013,,
100218,WB_1_00075,2,3,3,0.016,,
100218,WB_1_00075,2,3,4,0.017,,73
100218,WB_1_00075,1,1,1,0.26,,
100218,WB_1_00075,1,1,2,0.26,,
100218,WB_1_00075,1,1,3,0.24,,
100218,WB_1_00075,1,1,4,0.25,,-5
100218,WB_1_00075,1,2,1,0.10,,
100218,WB_1_00075,1,2,2,0.11,,
100218,WB_1_00075,1,2,3,0.11,,
100218,WB_1_00075,1,2,4,0.11,,2
100218,WB_1_00075,1,3,1,0.012,,
100218,WB_1_00075,1,3,2,0.014,,
100218,WB_1_00075,1,3,3,0.013,,
100218,WB_1_00075,1,3,4,0.014,,16
100218,WB_1_00076,2,1,1,0.17,,
100218,WB_1_00076,2,1,2,0.37,,
100218,WB_1_00076,2,1,3,0.12,,
100218,WB_1_00076,2,1,4,0.45,,173
100218,WB_1_00076,2,2,1,0.07,,
100218,WB_1_00076,2,2,2,0.19,,
100218,WB_1_00076,2,2,3,0.04,,
100218,WB_1_00076,2,2,4,0.22,,235
100218,WB_1_00076,2,3,1,0.009,,
100218,WB_1_00076,2,3,2,0.011,,
100218,WB_1_00076,2,3,3,0.011,,
100218,WB_1_00076,2,3,4,0.014,,55
100218,WB_1_00076,1,1,1,0.24,,
100218,WB_1_00076,1,1,2,0.23,,
100218,WB_1_00076,1,1,3,0.24,,
100218,WB_1_00076,1,1,4,0.23,,-3
100218,WB_1_00076,1,2,1,0.13,,
100218,WB_1_00076,1,2,2,0.13,,
100218,WB_1_00076,1,2,3,0.12,,
100218,WB_1_00076,1,2,4,0.14,,6
100218,WB_1_00076,1,3,1,0.012,,
100218,WB_1_00076,1,3,2,0.010,,
100218,WB_1_00076,1,3,3,0.012,,
100218,WB_1_00076,1,3,4,0.010,,-11
100218,WB_1_00077,2,1,1,0.18,,
100218,WB_1_00077,2,1,2,0.30,,
100218,WB_1_00077,2,1,3,0.23,,
100218,WB_1_00077,2,1,4,0.19,,9
100218,WB_1_00077,2,2,1,0.07,,
100218,WB_1_00077,2,2,2,0.09,,
100218,WB_1_00077,2,2,3,0.11,,
100218,WB_1_00077,2,2,4,0.06,,-23
100218,WB_1_00077,2,3,1,0.008,,
100218,WB_1_00077,2,3,2,0.010,,
100218,WB_1_00077,2,3,3,0.011,,
100218,WB_1_00077,2,3,4,0.012,,48
100218,WB_1_00077,1,1,1,0.22,,
100218,WB_1_00077,1,1,2,0.21,,
100218,WB_1_00077,1,1,3,0.20,,
100218,WB_1_00077,1,1,4,0.19,,-14
100218,WB_1_00077,1,2,1,0.08,,
100218,WB_1_00077,1,2,2,0.09,,
100218,WB_1_00077,1,2,3,0.08,,
100218,WB_1_00077,1,2,4,0.08,,5
100218,WB_1_00077,1,3,1,0.009,,
100218,WB_1_00077,1,3,2,0.009,,
100218,WB_1_00077,1,3,3,0.011,,
100218,WB_1_00077,1,3,4,0.008,,-12
100218,WB_1_00078,2,1,1,0.40,,
100218,WB_1_00078,2,1,2,0.39,,
100218,WB_1_00078,2,1,3,0.29,,
100218,WB_1_00078,2,1,4,0.22,,-46
100218,WB_1_00078,2,2,1,0.10,,
100218,WB_1_00078,2,2,2,0.14,,
100218,WB_1_00078,2,2,3,0.09,,
100218,WB_1_00078,2,2,4,0.10,,3
100218,WB_1_00078,2,3,1,0.001,,
100218,WB_1_00078,2,3,2,0.001,,
100218,WB_1_00078,2,3,3,0.001,,
100218,WB_1_00078,2,3,4,0.001,,34
100218,WB_1_00078,1,1,1,0.27,,
100218,WB_1_00078,1,1,2,0.25,,
100218,WB_1_00078,1,1,3,0.27,,
100218,WB_1_00078,1,1,4,0.27,,-1
100218,WB_1_00078,1,2,1,0.12,,
100218,WB_1_00078,1,2,2,0.11,,
100218,WB_1_00078,1,2,3,0.11,,
100218,WB_1_00078,1,2,4,0.10,,-18
100218,WB_1_00078,1,3,1,0.001,,
100218,WB_1_00078,1,3,2,0.001,,
100218,WB_1_00078,1,3,3,0.001,,
100218,WB_1_00078,1,3,4,0.001,,-3
100218,WB_1_00079,2,1,1,0.08,,
100218,WB_1_00079,2,1,2,0.26,,
100218,WB_1_00079,2,1,3,0.11,,
100218,WB_1_00079,2,1,4,0.14,,80
100218,WB_1_00079,2,2,1,0.04,,
100218,WB_1_00079,2,2,2,0.12,,
100218,WB_1_00079,2,2,3,0.05,,
100218,WB_1_00079,2,2,4,0.05,,28
100218,WB_1_00079,2,3,1,0.020,,
100218,WB_1_00079,2,3,2,0.020,,
100218,WB_1_00079,2,3,3,0.023,,
100218,WB_1_00079,2,3,4,0.028,,42
100218,WB_1_00079,1,1,1,0.14,,
100218,WB_1_00079,1,1,2,0.16,,
100218,WB_1_00079,1,1,3,0.14,,
100218,WB_1_00079,1,1,4,0.14,,-4
100218,WB_1_00079,1,2,1,0.06,,
100218,WB_1_00079,1,2,2,0.07,,
100218,WB_1_00079,1,2,3,0.07,,
100218,WB_1_00079,1,2,4,0.06,,-6
100218,WB_1_00079,1,3,1,0.024,,
100218,WB_1_00079,1,3,2,0.024,,
100218,WB_1_00079,1,3,3,0.022,,
100218,WB_1_00079,1,3,4,0.025,,3
100218,WB_1_00080,2,1,1,0.21,,
100218,WB_1_00080,2,1,2,0.60,,
100218,WB_1_00080,2,1,3,0.17,,
100218,WB_1_00080,2,1,4,0.13,,-41
100218,WB_1_00080,2,2,1,0.09,,
100218,WB_1_00080,2,2,2,0.23,,
100218,WB_1_00080,2,2,3,0.07,,
100218,WB_1_00080,2,2,4,0.06,,-38
100218,WB_1_00080,2,3,1,0.003,,
100218,WB_1_00080,2,3,2,0.003,,
100218,WB_1_00080,2,3,3,0.004,,
100218,WB_1_00080,2,3,4,0.003,,-11
100218,WB_1_00080,1,1,1,0.27,,
100218,WB_1_00080,1,1,2,0.27,,
100218,WB_1_00080,1,1,3,0.29,,
100218,WB_1_00080,1,1,4,0.27,,-2
100218,WB_1_00080,1,2,1,0.11,,
100218,WB_1_00080,1,2,2,0.11,,
100218,WB_1_00080,1,2,3,0.11,,
100218,WB_1_00080,1,2,4,0.11,,-7
100218,WB_1_00080,1,3,1,0.003,,
100218,WB_1_00080,1,3,2,0.003,,
100218,WB_1_00080,1,3,3,0.003,,
100218,WB_1_00080,1,3,4,0.003,,11
100218,WB_1_00081,2,1,1,0.37,,
100218,WB_1_00081,2,1,2,0.19,,
100218,WB_1_00081,2,1,3,0.23,,
100218,WB_1_00081,2,1,4,0.08,,-79
100218,WB_1_00081,2,2,1,0.14,,
100218,WB_1_00081,2,2,2,0.06,,
100218,WB_1_00081,2,2,3,0.10,,
100218,WB_1_00081,2,2,4,0.02,,-86
100218,WB_1_00081,2,3,1,0.019,,
100218,WB_1_00081,2,3,2,0.013,,
100218,WB_1_00081,2,3,3,0.013,,
100218,WB_1_00081,2,3,4,0.014,,-26
100218,WB_1_00081,1,1,1,0.18,,
100218,WB_1_00081,1,1,2,0.18,,
100218,WB_1_00081,1,1,3,0.18,,
100218,WB_1_00081,1,1,4,0.17,,-2
100218,WB_1_00081,1,2,1,0.08,,
100218,WB_1_00081,1,2,2,0.09,,
100218,WB_1_00081,1,2,3,0.09,,
100218,WB_1_00081,1,2,4,0.09,,8
100218,WB_1_00081,1,3,1,0.014,,
100218,WB_1_00081,1,3,2,0.014,,
100218,WB_1_00081,1,3,3,0.016,,
100218,WB_1_00081,1,3,4,0.012,,-16
100218,WB_1_00082,2,1,1,0.14,,
100218,WB_1_00082,2,1,2,0.43,,
100218,WB_1_00082,2,1,3,0.26,,
100218,WB_1_00082,2,1,4,0.09,,-36
100218,WB_1_00082,2,2,1,0.04,,
100218,WB_1_00082,2,2,2,0.15,,
100218,WB_1_00082,2,2,3,0.07,,
100218,WB_1_00082,2,2,4,0.03,,-23
100218,WB_1_00082,2,3,1,0.019,,
100218,WB_1_00082,2,3,2,0.024,,
100218,WB_1_00082,2,3,3,0.027,,
100218,WB_1_00082,2,3,4,0.032,,68
100218,WB_1_00082,1,1,1,0.19,,
100218,WB_1_00082,1,1,2,0.20,,
100218,WB_1_00082,1,1,3,0.20,,
100218,WB_1_00082,1,1,4,0.21,,11
100218,WB_1_00082,1,2,1,0.07,,
100218,WB_1_00082,1,2,2,0.07,,
100218,WB_1_00082,1,2,3,0.07,,
100218,WB_1_00082,1,2,4,0.07,,-5
100218,WB_1_00082,1,3,1,0.026,,
100218,WB_1_00082,1,3,2,0.024,,
100218,WB_1_00082,1,3,3,0.028,,
100218,WB_1_00082,1,3,4,0.022,,-15
100218,WB_1_00083,2,1,1,0.31,,
100218,WB_1_00083,2,1,2,0.50,,
100218,WB_1_00083,2,1,3,0.55,,
100218,WB_1_00083,2,1,4,0.39,,27
100218,WB_1_00083,2,2,1,0.08,,
100218,WB_1_00083,2,2,2,0.17,,
100218,WB_1_00083,2,2,3,0.25,,
100218,WB_1_00083,2,2,4,0.19,,140
100218,WB_1_00083,2,3,1,0.005,,
100218,WB_1_00083,2,3,2,0.004,,
100218,WB_1_00083,2,3,3,0.005,,
100218,WB_1_00083,2,3,4,0.004,,-16
100218,WB_1_00083,1,1,1,0.44,,
100218,WB_1_00083,1,1,2,0.44,,
100218,WB_1_00083,1,1,3,0.48,,
100218,WB_1_00083,1,1,4,0.43,,-1
100218,WB_1_00083,1,2,1,0.16,,
100218,WB_1_00083,1,2,2,0.16,,
100218,WB_1_00083,1,2,3,0.19,,
100218,WB_1_00083,1,2,4,0.18,,14
100218,WB_1_00083,1,3,1,0.004,,
100218,WB_1_00083,1,3,2,0.004,,
100218,WB_1_00083,1,3,3,0.004,,
100218,WB_1_00083,1,3,4,0.004,,8
100218,WB_1_00084,2,1,1,0.44,,
100218,WB_1_00084,2,1,2,0.14,,
100218,WB_1_00084,2,1,3,0.19,,
100218,WB_1_00084,2,1,4,0.23,,-47
100218,WB_1_00084,2,2,1,0.16,,
100218,WB_1_00084,2,2,2,0.04,,
100218,WB_1_00084,2,2,3,0.08,,
100218,WB_1_00084,2,2,4,0.10,,-40
100218,WB_1_00084,2,3,1,0.002,,
100218,WB_1_00084,2,3,2,0.002,,
100218,WB_1_00084,2,3,3,0.002,,
100218,WB_1_00084,2,3,4,0.002,,2
100218,WB_1_00084,1,1,1,0.21,,
100218,WB_1_00084,1,1,2,0.22,,
100218,WB_1_00084,1,1,3,0.23,,
100218,WB_1_00084,1,1,4,0.22,,9
100218,WB_1_00084,1,2,1,0.09,,
100218,WB_1_00084,1,2,2,0.09,,
100218,WB_1_00084,1,2,3,0.09,,
100218,WB_1_00084,1,2,4,0.09,,1
100218,WB_1_00084,1,3,1,0.002,,
100218,WB_1_00084,1,3,2,0.002,,
100218,WB_1_00084,1,3,3,0.002,,
100218,WB_1_00084,1,3,4,0.002,,-2
100218,WB_1_00085,2,1,1,0.08,,
100218,WB_1_00085,2,1,2,0.49,,
100218,WB_1_00085,2,1,3,0.23,,
100218,WB_1_00085,2,1,4,0.29,,257
100218,WB_1_00085,2,2,1,0.04,,
100218,WB_1_00085,2,2,2,0.12,,
100218,WB_1_00085,2,2,3,0.12,,
100218,WB_1_00085,2,2,4,0.14,,265
100218,WB_1_00085,2,3,1,0.009,,
100218,WB_1_00085,2,3,2,0.010,,
100218,WB_1_00085,2,3,3,0.009,,
100218,WB_1_00085,2,3,4,0.008,,-10
100218,WB_1_00085,1,1,1,0.23,,
100218,WB_1_00085,1,1,2,0.24,,
100218,WB_1_00085,1,1,3,0.24,,
100218,WB_1_00085,1,1,4,0.26,,12
100218,WB_1_00085,1,2,1,0.11,,
100218,WB_1_00085,1,2,2,0.11,,
100218,WB_1_00085,1,2,3,0.09,,
100218,WB_1_00085,1,2,4,0.10,,-4
100218,WB_1_00085,1,3,1,0.009,,
100218,WB_1_00085,1,3,2,0.009,,
100218,WB_1_00085,1,3,3,0.009,,
100218,WB_1_00085,1,3,4,0.008,,-4
100218,WB_1_00086,2,1,1,0.34,,
100218,WB_1_00086,2,1,2,0.35,,
100218,WB_1_00086,2,1,3,0.15,,
100218,WB_1_00086,2,1,4,0.40,,19
100218,WB_1_00086,2,2,1,0.14,,
100218,WB_1_00086,2,2,2,0.10,,
100218,WB_1_00086,2,2,3,0.04,,
100218,WB_1_00086,2,2,4,0.15,,7
100218,WB_1_00086,2,3,1,0.010,,
100218,WB_1_00086,2,3,2,0.011,,
100218,WB_1_00086,2,3,3,0.008,,
100218,WB_1_00086,2,3,4,0.010,,-5
100218,WB_1_00086,1,1,1,0.31,,
100218,WB_1_00086,1,1,2,0.33,,
100218,WB_1_00086,1,1,3,0.36,,
100218,WB_1_00086,1,1,4,0.37,,19
100218,WB_1_00086,1,2,1,0.12,,
100218,WB_1_00086,1,2,2,0.10,,
100218,WB_1_00086,1,2,3,0.11,,
100218,WB_1_00086,1,2,4,0.10,,-10
100218,WB_1_00086,1,3,1,0.010,,
100218,WB_1_00086,1,3,2,0.009,,
100218,WB_1_00086,1,3,3,0.009,,
100218,WB_1_00086,1,3,4,0.010,,-6
100218,WB_1_00087,2,1,1,0.52,,
100218,WB_1_00087,2,1,2,0.48,,
100218,WB_1_00087,2,1,3,0.25,,
100218,WB_1_00087,2,1,4,0.50,,-4
100218,WB_1_00087,2,2,1,0.23,,
100218,WB_1_00087,2,2,2,0.14,,
100218,WB_1_00087,2,2,3,0.08,,
100218,WB_1_00087,2,2,4,0.15,,-33
100218,WB_1_00087,2,3,1,0.004,,
100218,WB_1_00087,2,3,2,0.003,,
100218,WB_1_00087,2,3,3,0.004,,
100218,WB_1_00087,2,3,4,0.004,,9
100218,WB_1_00087,1,1,1,0.42,,
100218,WB_1_00087,1,1,2,0.39,,
100218,WB_1_00087,1,1,3,0.42,,
100218,WB_1_00087,1,1,4,0.43,,1
100218,WB_1_00087,1,2,1,0.15,,
100218,WB_1_00087,1,2,2,0.16,,
100218,WB_1_00087,1,2,3,0.16,,
100218,WB_1_00087,1,2,4,0.16,,11
100218,WB_1_00087,1,3,1,0.003,,
100218,WB_1_00087,1,3,2,0.004,,
100218,WB_1_00087,1,3,3,0.004,,
100218,WB_1_00087,1,3,4,0.004,,21
100218,WB_1_00088,2,1,1,0.36,,
100218,WB_1_00088,2,1,2,0.15,,
100218,WB_1_00088,2,1,3,0.48,,
100218,WB_1_00088,2,1,4,0.19,,-47
100218,WB_1_00088,2,2,1,0.15,,
100218,WB_1_00088,2,2,2,0.04,,
100218,WB_1_00088,2,2,3,0.22,,
100218,WB_1_00088,2,2,4,0.06,,-58
100218,WB_1_00088,2,3,1,0.001,,
100218,WB_1_00088,2,3,2,0.001,,
100218,WB_1_00088,2,3,3,0.001,,
100218,WB_1_00088,2,3,4,0.001,,39
100218,WB_1_00088,1,1,1,0.27,,
100218,WB_1_00088,1,1,2,0.29,,
100218,WB_1_00088,1,1,3,0.32,,
100218,WB_1_00088,1,1,4,0.34,,24
100218,WB_1_00088,1,2,1,0.11,,
100218,WB_1_00088,1,2,2,0.12,,
100218,WB_1_00088,1,2,3,0.12,,
100218,WB_1_00088,1,2,4,0.12,,4
100218,WB_1_00088,1,3,1,0.001,,
100218,WB_1_00088,1,3,2,0.001,,
100218,WB_1_00088,1,3,3,0.001,,
100218,WB_1_00088,1,3,4,0.001,,0
100218,WB_1_00089,2,1,1,0.37,,
100218,WB_1_00089,2,1,2,0.42,,
100218,WB_1_00089,2,1,3,0.16,,
100218,WB_1_00089,2,1,4,0.13,,-65
100218,WB_1_00089,2,2,1,0.14,,
100218,WB_1_00089,2,2,2,0.19,,
100218,WB_1_00089,2,2,3,0.04,,
100218,WB_1_00089,2,2,4,0.03,,-76
100218,WB_1_00089,2,3,1,0.008,,
100218,WB_1_00089,2,3,2,0.008,,
100218,WB_1_00089,2,3,3,0.007,,
100218,WB_1_00089,2,3,4,0.005,,-32
100218,WB_1_00089,1,1,1,0.24,,
100218,WB_1_00089,1,1,2,0.26,,
100218,WB_1_00089,1,1,3,0.25,,
100218,WB_1_00089,1,1,4,0.28,,13
100218,WB_1_00089,1,2,1,0.09,,
100218,WB_1_00089,1,2,2,0.09,,
100218,WB_1_00089,1,2,3,0.10,,
100218,WB_1_00089,1,2,4,0.10,,9
100218,WB_1_00089,1,3,1,0.006,,
100218,WB_1_00089,1,3,2,0.008,,
100218,WB_1_00089,1,3,3,0.008,,
100218,WB_1_00089,1,3,4,0.008,,24
100218,WB_1_00090,2,1,1,0.29,,
100218,WB_1_00090,2,1,2,0.37,,
100218,WB_1_00090,2,1,3,0.46,,
100218,WB_1_00090,2,1,4,0.32,,11
100218,WB_1_00090,2,2,1,0.14,,
100218,WB_1_00090,2,2,2,0.12,,
100218,WB_1_00090,2,2,3,0.20,,
100218,WB_1_00090,2,2,4,0.14,,2
100218,WB_1_00090,2,3,1,0.010,,
100218,WB_1_00090,2,3,2,0.008,,
100218,WB_1_00090,2,3,3,0.009,,
100218,WB_1_00090,2,3,4,0.019,,85
100218,WB_1_00090,1,1,1,0.35,,
100218,WB_1_00090,1,1,2,0.32,,
100218,WB_1_00090,1,1,3,0.30,,
100218,WB_1_00090,1,1,4,0.29,,-17
100218,WB_1_00090,1,2,1,0.14,,
100218,WB_1_00090,1,2,2,0.14,,
100218,WB_1_00090,1,2,3,0.15,,
100218,WB_1_00090,1,2,4,0.15,,3
100218,WB_1_00090,1,3,1,0.010,,
100218,WB_1_00090,1,3,2,0.010,,
100218,WB_1_00090,1,3,3,0.010,,
100218,WB_1_00090,1,3,4,0.009,,-6
100218,WB_1_00091,2,1,1,0.33,,
100218,WB_1_00091,2,1,2,0.25,,
100218,WB_1_00091,2,1,3,0.32,,
100218,WB_1_00091,2,1,4,0.07,,-78
100218,WB_1_00091,2,2,1,0.16,,
100218,WB_1_00091,2,2,2,0.11,,
100218,WB_1_00091,2,2,3,0.09,,
100218,WB_1_00091,2,2,4,0.04,,-77
100218,WB_1_00091,2,3,1,0.012,,
100218,WB_1_00091,2,3,2,0.014,,
100218,WB_1_00091,2,3,3,0.014,,
100218,WB_1_00091,2,3,4,0.012,,-3
100218,WB_1_00091,1,1,1,0.21,,
100218,WB_1_00091,1,1,2,0.22,,
100218,WB_1_00091,1,1,3,0.22,,
100218,WB_1_00091,1,1,4,0.20,,-6
100218,WB_1_00091,1,2,1,0.10,,
100218,WB_1_00091,1,2,2,0.10,,
100218,WB_1_00091,1,2,3,0.10,,
100218,WB_1_00091,1,2,4,0.09,,-8
100218,WB_1_00091,1,3,1,0.010,,
100218,WB_1_00091,1,3,2,0.014,,
100218,WB_1_00091,1,3,3,0.013,,
100218,WB_1_00091,1,3,4,0.011,,7
100218,WB_1_00092,2,1,1,0.59,,
100218,WB_1_00092,2,1,2,0.35,,
100218,WB_1_00092,2,1,3,0.34,,
100218,WB_1_00092,2,1,4,0.14,,-76
100218,WB_1_00092,2,2,1,0.16,,
100218,WB_1_00092,2,2,2,0.12,,
100218,WB_1_00092,2,2,3,0.11,,
100218,WB_1_00092,2,2,4,0.03,,-79
100218,WB_1_00092,2,3,1,0.017,,
100218,WB_1_00092,2,3,2,0.020,,
100218,WB_1_00092,2,3,3,0.015,,
100218,WB_1_00092,2,3,4,0.016,,-4
100218,WB_1_00092,1,1,1,0.31,,
100218,WB_1_00092,1,1,2,0.33,,
100218,WB_1_00092,1,1,3,0.30,,
100218,WB_1_00092,1,1,4,0.33,,5
100218,WB_1_00092,1,2,1,0.11,,
100218,WB_1_00092,1,2,2,0.11,,
100218,WB_1_00092,1,2,3,0.10,,
100218,WB_1_00092,1,2,4,0.11,,1
100218,WB_1_00092,1,3,1,0.015,,
100218,WB_1_00092,1,3,2,0.018,,
100218,WB_1_00092,1,3,3,0.018,,
100218,WB_1_00092,1,3,4,0.015,,0
100218,WB_1_00093,2,1,1,0.21,,
100218,WB_1_00093,2,1,2,0.22,,
100218,WB_1_00093,2,1,3,0.46,,
100218,WB_1_00093,2,1,4,0.41,,98
100218,WB_1_00093,2,2,1,0.09,,
100218,WB_1_00093,2,2,2,0.11,,
100218,WB_1_00093,2,2,3,0.21,,
100218,WB_1_00093,2,2,4,0.11,,29
100218,WB_1_00093,2,3,1,0.010,,
100218,WB_1_00093,2,3,2,0.007,,
100218,WB_1_00093,2,3,3,0.008,,
100218,WB_1_00093,2,3,4,0.010,,-1
100218,WB_1_00093,1,1,1,0.28,,
100218,WB_1_00093,1,1,2,0.26,,
100218,WB_1_00093,1,1,3,0.24,,
100218,WB_1_00093,1,1,4,0.25,,-13
100218,WB_1_00093,1,2,1,0.14,,
100218,WB_1_00093,1,2,2,0.13,,
100218,WB_1_00093,1,2,3,0.14,,
100218,WB_1_00093,1,2,4,0.14,,-5
100218,WB_1_00093,1,3,1,0.009,,
100218,WB_1_00093,1,3,2,0.009,,
100218,WB_1_00093,1,3,3,0.009,,
100218,WB_1_00093,1,3,4,0.018,,95
100218,WB_1_00094,2,1,1,0.07,,
100218,WB_1_00094,2,1,2,0.49,,
100218,WB_1_00094,2,1,3,0.35,,
100218,WB_1_00094,2,1,4,0.58,,757
100218,WB_1_00094,2,2,1,0.02,,
100218,WB_1_00094,2,2,2,0.13,,
100218,WB_1_00094,2,2,3,0.13,,
100218,WB_1_00094,2,2,4,0.27,,1289
100218,WB_1_00094,2,3,1,0.002,,
100218,WB_1_00094,2,3,2,0.002,,
100218,WB_1_00094,2,3,3,0.002,,
100218,WB_1_00094,2,3,4,0.002,,-9
100218,WB_1_00094,1,1,1,0.36,,
100218,WB_1_00094,1,1,2,0.36,,
100218,WB_1_00094,1,1,3,0.34,,
100218,WB_1_00094,1,1,4,0.33,,-7
100218,WB_1_00094,1,2,1,0.14,,
100218,WB_1_00094,1,2,2,0.12,,
100218,WB_1_00094,1,2,3,0.14,,
100218,WB_1_00094,1,2,4,0.15,,8
100218,WB_1_00094,1,3,1,0.002,,
100218,WB_1_00094,1,3,2,0.002,,
100218,WB_1_00094,1,3,3,0.002,,
100218,WB_1_00094,1,3,4,0.002,,5
100218,WB_1_00095,2,1,1,0.12,,
100218,WB_1_00095,2,1,2,0.21,,
100218,WB_1_00095,2,1,3,0.49,,
100218,WB_1_00095,2,1,4,0.40,,222
100218,WB_1_00095,2,2,1,0.04,,
100218,WB_1_00095,2,2,2,0.09,,
100218,WB_1_00095,2,2,3,0.17,,
100218,WB_1_00095,2,2,4,0.20,,393
100218,WB_1_00095,2,3,1,0.009,,
100218,WB_1_00095,2,3,2,0.008,,
100218,WB_1_00095,2,3,3,0.007,,
100218,WB_1_00095,2,3,4,0.007,,-20
100218,WB_1_00095,1,1,1,0.26,,
100218,WB_1_00095,1,1,2,0.24,,
100218,WB_1_00095,1,1,3,0.26,,
100218,WB_1_00095,1,1,4,0.26,,0
100218,WB_1_00095,1,2,1,0.12,,
100218,WB_1_00095,1,2,2,0.12,,
100218,WB_1_00095,1,2,3,0.13,,
100218,WB_1_00095,1,2,4,0.13,,3
100218,WB_1_00095,1,3,1,0.008,,
100218,WB_1_00095,1,3,2,0.007,,
100218,WB_1_00095,1,3,3,0.008,,
100218,WB_1_00095,1,3,4,0.018,,127
100218,WB_1_00096,2,1,1,0.45,,
100218,WB_1_00096,2,1,2,0.18,,
100218,WB_1_00096,2,1,3,0.13,,
100218,WB_1_00096,2,1,4,0.57,,26
100218,WB_1_00096,2,2,1,0.15,,
100218,WB_1_00096,2,2,2,0.05,,
100218,WB_1_00096,2,2,3,0.06,,
100218,WB_1_00096,2,2,4,0.19,,29
100218,WB_1_00096,2,3,1,0.003,,
100218,WB_1_00096,2,3,2,0.003,,
100218,WB_1_00096,2,3,3,0.002,,
100218,WB_1_00096,2,3,4,0.002,,-39
100218,WB_1_00096,1,1,1,0.29,,
100218,WB_1_00096,1,1,2,0.27,,
100218,WB_1_00096,1,1,3,0.30,,
100218,WB_1_00096,1,1,4,0.32,,10
100218,WB_1_00096,1,2,1,0.11,,
100218,WB_1_00096,1,2,2,0.11,,
100218,WB_1_00096,1,2,3,0.12,,
100218,WB_1_00096,1,2,4,0.11,,3
100218,WB_1_00096,1,3,1,0.002,,
100218,WB_1_00096,1,3,2,0.002,,
100218,WB_1_00096,1,3,3,0.002,,
100218,WB_1_00096,1,3,4,0.002,,1
100218,WB_1_00097,2,1,1,0.20,,
100218,WB_1_00097,2,1,2,0.51,,
100218,WB_1_00097,2,1,3,0.51,,
100218,WB_1_00097,2,1,4,0.35,,75
100218,WB_1_00097,2,2,1,0.07,,
100218,WB_1_00097,2,2,2,0.24,,
100218,WB_1_00097,2,2,3,0.15,,
100218,WB_1_00097,2,2,4,0.16,,118
100218,WB_1_00097,2,3,1,0.010,,
100218,WB_1_00097,2,3,2,0.008,,
100218,WB_1_00097,2,3,3,0.007,,
100218,WB_1_00097,2,3,4,0.006,,-37
100218,WB_1_00097,1,1,1,0.32,,
100218,WB_1_00097,1,1,2,0.32,,
100218,WB_1_00097,1,1,3,0.34,,
100218,WB_1_00097,1,1,4,0.36,,11
100218,WB_1_00097,1,2,1,0.16,,
100218,WB_1_00097,1,2,2,0.15,,
100218,WB_1_00097,1,2,3,0.15,,
100218,WB_1_00097,1,2,4,0.16,,2
100218,WB_1_00097,1,3,1,0.007,,
100218,WB_1_00097,1,3,2,0.007,,
100218,WB_1_00097,1,3,3,0.008,,
100218,WB_1_00097,1,3,4,0.008,,13
100218,WB_1_00098,2,1,1,0.11,,
100218,WB_1_00098,2,1,2,0.32,,
100218,WB_1_00098,2,1,3,0.24,,
100218,WB_1_00098,2,1,4,0.33,,201
100218,WB_1_00098,2,2,1,0.05,,
100218,WB_1_00098,2,2,2,0.16,,
100218,WB_1_00098,2,2,3,0.10,,
100218,WB_1_00098,2,2,4,0.13,,133
100218,WB_1_00098,2,3,1,0.011,,
100218,WB_1_00098,2,3,2,0.009,,
100218,WB_1_00098,2,3,3,0.009,,
100218,WB_1_00098,2,3,4,0.011,,0
100218,WB_1_00098,1,1,1,0.22,,
100218,WB_1_00098,1,1,2,0.20,,
100218,WB_1_00098,1,1,3,0.20,,
100218,WB_1_00098,1,1,4,0.20,,-10
100218,WB_1_00098,1,2,1,0.10,,
100218,WB_1_00098,1,2,2,0.10,,
100218,WB_1_00098,1,2,3,0.10,,
100218,WB_1_00098,1,2,4,0.11,,7
100218,WB_1_00098,1,3,1,0.009,,
100218,WB_1_00098,1,3,2,0.010,,
100218,WB_1_00098,1,3,3,0.009,,
100218,WB_1_00098,1,3,4,0.019,,105
100218,WB_1_00099,2,1,1,0.46,,
100218,WB_1_00099,2,1,2,0.20,,
100218,WB_1_00099,2,1,3,0.52,,
100218,WB_1_00099,2,1,4,0.37,,-19
100218,WB_1_00099,2,2,1,0.21,,
100218,WB_1_00099,2,2,2,0.09,,
100218,WB_1_00099,2,2,3,0.19,,
100218,WB_1_00099,2,2,4,0.17,,-19
100218,WB_1_00099,2,3,1,0.006,,
100218,WB_1_00099,2,3,2,0.005,,
100218,WB_1_00099,2,3,3,0.004,,
100218,WB_1_00099,2,3,4,0.004,,-36
100218,WB_1_00099,1,1,1,0.35,,
100218,WB_1_00099,1,1,2,0.33,,
100218,WB_1_00099,1,1,3,0.33,,
100218,WB_1_00099,1,1,4,0.36,,5
100218,WB_1_00099,1,2,1,0.15,,
100218,WB_1_00099,1,2,2,0.15,,
100218,WB_1_00099,1,2,3,0.16,,
100218,WB_1_00099,1,2,4,0.15,,1
100218,WB_1_00099,1,3,1,0.004,,
100218,WB_1_00099,1,3,2,0.005,,
100218,WB_1_00099,1,3,3,0.005,,
100218,WB_1_00099,1,3,4,0.004,,-3
100218,WB_1_00100,2,1,1,0.16,,
100218,WB_1_00100,2,1,2,0.43,,
100218,WB_1_00100,2,1,3,0.43,,
100218,WB_1_00100,2,1,4,0.24,,55
100218,WB_1_00100,2,2,1,0.04,,
100218,WB_1_00100,2,2,2,0.14,,
100218,WB_1_00100,2,2,3,0.21,,
100218,WB_1_00100,2,2,4,0.08,,98
100218,WB_1_00100,2,3,1,0.007,,
100218,WB_1_00100,2,3,2,0.007,,
100218,WB_1_00100,2,3,3,0.009,,
100218,WB_1_00100,2,3,4,0.010,,45
100218,WB_1_00100,1,1,1,0.29,,
100218,WB_1_00100,1,1,2,0.31,,
100218,WB_1_00100,1,1,3,0.29,,
100218,WB_1_00100,1,1,4,0.29,,1
100218,WB_1_00100,1,2,1,0.12,,
100218,WB_1_00100,1,2,2,0.12,,
100218,WB_1_00100,1,2,3,0.13,,
100218,WB_1_00100,1,2,4,0.13,,7
100218,WB_1_00100,1,3,1,0.007,,
100218,WB_1_00100,1,3,2,0.008,,
100218,WB_1_00100,1,3,3,0.008,,
100218,WB_1_00100,1,3,4,0.009,,24
